Workbook

Sheet 回答入力_30名
A1: インフラ実務スキルチェック（回答入力：最大30名）
A2: 入力：各受験者の行に、Q1〜Q50の回答（A/B/C/D）を入力してください。
A4: 受験者ID | B4: 氏名 | C4: 受験日 | D4: Q1 | E4: Q2 | F4: Q3 | G4: Q4 | H4: Q5 | I4: Q6 | J4: Q7 | K4: Q8 | L4: Q9 | M4: Q10 | N4: Q11 | O4: Q12 | P4: Q13 | Q4: Q14 | R4: Q15 | S4: Q16 | T4: Q17 | U4: Q18 | V4: Q19 | W4: Q20 | X4: Q21 | Y4: Q22 | Z4: Q23 | AA4: Q24 | AB4: Q25 | AC4: Q26 | AD4: Q27 | AE4: Q28 | AF4: Q29 | AG4: Q30 | AH4: Q31 | AI4: Q32 | AJ4: Q33 | AK4: Q34 | AL4: Q35 | AM4: Q36 | AN4: Q37 | AO4: Q38 | AP4: Q39 | AQ4: Q40 | AR4: Q41 | AS4: Q42 | AT4: Q43 | AU4: Q44 | AV4: Q45 | AW4: Q46 | AX4: Q47 | AY4: Q48 | AZ4: Q49 | BA4: Q50
A5: U01
A6: U02
A7: U03
A8: U04
A9: U05
A10: U06
A11: U07
A12: U08
A13: U09
A14: U10
A15: U11
A16: U12
... A34: U30

Sheet 集計
A1: 集計（自動計算）
A2: 各受験者の総合スコアとカテゴリ別スコアを算出します。
A4: 受験者ID | B4: 氏名 | C4: 受験日 | D4: 得点合計 | E4: 最大点合計 | F4: 総合(100点) | G4: OS(100点) | H4: AWS(100点) | I4: NW/Sec(100点) | J4: 判定 | L4: 判定基準（例）
A5: =回答入力_30名!A5 | B5: =回答入力_30名!B5 | C5: =回答入力_30名!C5 | D5: =SUMPRODUCT(--(回答入力_30名!D5:BC5=正解キー!$B$2:$B$51)*XLOOKUP(設定!$B$11:$B$60,設定!$A$5:$A$7,設定!$B$5:$B$7)*XLOOKUP(設定!$C$11:$C$60,設定!$D$5:$D$7,設定!$E$5:$E$7)) | E5: =SUMPRODUCT(XLOOKUP(設定!$B$11:$B$60,設定!$A$5:$A$7,設定!$B$5:$B$7)*XLOOKUP(設定!$C$11:$C$60,設定!$D$5:$D$7,設定!$E$5:$E$7)) | F5: =IF(E5=0,"",D5/E5*100) | G5: =IF(SUMPRODUCT(--(設定!$B$11:$B$60="OS（Linux/Windows）")*XLOOKUP(設定!$B$11:$B$60,設定!$A$5:$A$7,設定!$B$5:$B$7)*XLOOKUP(設定!$C$11:$C$60,設定!$D$5:$D$7,設定!$E$5:$E$7))=0,"",SUMPRODUCT(--(設定!$B$11:$B$60="OS（Linux/Windows）")*--(回答入力_30名!D5:BC5=正解キー!$B$2:$B$51)*XLOOKUP(設定!$B$11:$B$60,設定!$A$5:$A$7,設定!$B$5:$B$7)*XLOOKUP(設定!$C$11:$C$60,設定!$D$5:$D$7,設定!$E$5:$E$7))/SUMPRODUCT(--(設定!$B$11:$B$60="OS（Linux/Windows）")*XLOOKUP(設定!$B$11:$B$60,設定!$A$5:$A$7,設定!$B$5:$B$7)*XLOOKUP(設定!$C$11:$C$60,設定!$D$5:$D$7,設定!$E$5:$E$7))*100) | H5: =IF(SUMPRODUCT(--(設定!$B$11:$B$60="AWS")*XLOOKUP(設定!$B$11:$B$60,設定!$A$5:$A$7,設定!$B$5:$B$7)*XLOOKUP(設定!$C$11:$C$60,設定!$D$5:$D$7,設定!$E$5:$E$7))=0,"",SUMPRODUCT(--(設定!$B$11:$B$60="AWS")*--(回答入力_30名!D5:BC5=正解キー!$B$2:$B$51)*XLOOKUP(設定!$B$11:$B$60,設定!$A$5:$A$7,設定!$B$5:$B$7)*XLOOKUP(設定!$C$11:$C$60,設定!$D$5:$D$7,設定!$E$5:$E$7))/SUMPRODUCT(--(設定!$B$11:$B$60="AWS")*XLOOKUP(設定!$B$11:$B$60,設定!$A$5:$A$7,設定!$B$5:$B$7)*XLOOKUP(設定!$C$11:$C$60,設定!$D$5:$D$7,設定!$E$5:$E$7))*100) | I5: =IF(SUMPRODUCT(--(設定!$B$11:$B$60="NW/Security")*XLOOKUP(設定!$B$11:$B$60,設定!$A$5:$A$7,設定!$B$5:$B$7)*XLOOKUP(設定!$C$11:$C$60,設定!$D$5:$D$7,設定!$E$5:$E$7))=0,"",SUMPRODUCT(--(設定!$B$11:$B$60="NW/Security")*--(回答入力_30名!D5:BC5=正解キー!$B$2:$B$51)*XLOOKUP(設定!$B$11:$B$60,設定!$A$5:$A$7,設定!$B$5:$B$7)*XLOOKUP(設定!$C$11:$C$60,設定!$D$5:$D$7,設定!$E$5:$E$7))/SUMPRODUCT(--(設定!$B$11:$B$60="NW/Security")*XLOOKUP(設定!$B$11:$B$60,設定!$A$5:$A$7,設定!$B$5:$B$7)*XLOOKUP(設定!$C$11:$C$60,設定!$D$5:$D$7,設定!$E$5:$E$7))*100) | J5: =IF(F5="","",IF(F5>=85,"即戦力",IF(F5>=70,"主担当",IF(F5>=55,"サポート","育成")))) | L5: 85+ 即戦力 / 70+ 主担当 / 55+ サポート / else 育成
A6: =回答入力_30名!A6 | B6: =回答入力_30名!B6 | C6: =回答入力_30名!C6 | D6: =SUMPRODUCT(--(回答入力_30名!D6:BC6=正解キー!$B$2:$B$51)*XLOOKUP(設定!$B$11:$B$60,設定!$A$5:$A$7,設定!$B$5:$B$7)*XLOOKUP(設定!$C$11:$C$60,設定!$D$5:$D$7,設定!$E$5:$E$7)) | E6: =SUMPRODUCT(XLOOKUP(設定!$B$11:$B$60,設定!$A$5:$A$7,設定!$B$5:$B$7)*XLOOKUP(設定!$C$11:$C$60,設定!$D$5:$D$7,設定!$E$5:$E$7)) | F6: =IF(E6=0,"",D6/E6*100) | G6: =IF(SUMPRODUCT(--(設定!$B$11:$B$60="OS（Linux/Windows）")*XLOOKUP(設定!$B$11:$B$60,設定!$A$5:$A$7,設定!$B$5:$B$7)*XLOOKUP(設定!$C$11:$C$60,設定!$D$5:$D$7,設定!$E$5:$E$7))=0,"",SUMPRODUCT(--(設定!$B$11:$B$60="OS（Linux/Windows）")*--(回答入力_30名!D6:BC6=正解キー!$B$2:$B$51)*XLOOKUP(設定!$B$11:$B$60,設定!$A$5:$A$7,設定!$B$5:$B$7)*XLOOKUP(設定!$C$11:$C$60,設定!$D$5:$D$7,設定!$E$5:$E$7))/SUMPRODUCT(--(設定!$B$11:$B$60="OS（Linux/Windows）")*XLOOKUP(設定!$B$11:$B$60,設定!$A$5:$A$7,設定!$B$5:$B$7)*XLOOKUP(設定!$C$11:$C$60,設定!$D$5:$D$7,設定!$E$5:$E$7))*100) | H6: =IF(SUMPRODUCT(--(設定!$B$11:$B$60="AWS")*XLOOKUP(設定!$B$11:$B$60,設定!$A$5:$A$7,設定!$B$5:$B$7)*XLOOKUP(設定!$C$11:$C$60,設定!$D$5:$D$7,設定!$E$5:$E$7))=0,"",SUMPRODUCT(--(設定!$B$11:$B$60="AWS")*--(回答入力_30名!D6:BC6=正解キー!$B$2:$B$51)*XLOOKUP(設定!$B$11:$B$60,設定!$A$5:$A$7,設定!$B$5:$B$7)*XLOOKUP(設定!$C$11:$C$60,設定!$D$5:$D$7,設定!$E$5:$E$7))/SUMPRODUCT(--(設定!$B$11:$B$60="AWS")*XLOOKUP(設定!$B$11:$B$60,設定!$A$5:$A$7,設定!$B$5:$B$7)*XLOOKUP(設定!$C$11:$C$60,設定!$D$5:$D$7,設定!$E$5:$E$7))*100) | I6: =IF(SUMPRODUCT(--(設定!$B$11:$B$60="NW/Security")*XLOOKUP(設定!$B$11:$B$60,設定!$A$5:$A$7,設定!$B$5:$B$7)*XLOOKUP(設定!$C$11:$C$60,設定!$D$5:$D$7,設定!$E$5:$E$7))=0,"",SUMPRODUCT(--(設定!$B$11:$B$60="NW/Security")*--(回答入力_30名!D6:BC6=正解キー!$B$2:$B$51)*XLOOKUP(設定!$B$11:$B$60,設定!$A$5:$A$7,設定!$B$5:$B$7)*XLOOKUP(設定!$C$11:$C$60,設定!$D$5:$D$7,設定!$E$5:$E$7))/SUMPRODUCT(--(設定!$B$11:$B$60="NW/Security")*XLOOKUP(設定!$B$11:$B$60,設定!$A$5:$A$7,設定!$B$5:$B$7)*XLOOKUP(設定!$C$11:$C$60,設定!$D$5:$D$7,設定!$E$5:$E$7))*100) | J6: =IF(F6="","",IF(F6>=85,"即戦力",IF(F6>=70,"主担当",IF(F6>=55,"サポート","育成"))))
A7: =回答入力_30名!A7 | B7: =回答入力_30名!B7 | C7: =回答入力_30名!C7 | D7: =SUMPRODUCT(--(回答入力_30名!D7:BC7=正解キー!$B$2:$B$51)*XLOOKUP(設定!$B$11:$B$60,設定!$A$5:$A$7,設定!$B$5:$B$7)*XLOOKUP(設定!$C$11:$C$60,設定!$D$5:$D$7,設定!$E$5:$E$7)) | E7: =SUMPRODUCT(XLOOKUP(設定!$B$11:$B$60,設定!$A$5:$A$7,設定!$B$5:$B$7)*XLOOKUP(設定!$C$11:$C$60,設定!$D$5:$D$7,設定!$E$5:$E$7)) | F7: =IF(E7=0,"",D7/E7*100) | G7: =IF(SUMPRODUCT(--(設定!$B$11:$B$60="OS（Linux/Windows）")*XLOOKUP(設定!$B$11:$B$60,設定!$A$5:$A$7,設定!$B$5:$B$7)*XLOOKUP(設定!$C$11:$C$60,設定!$D$5:$D$7,設定!$E$5:$E$7))=0,"",SUMPRODUCT(--(設定!$B$11:$B$60="OS（Linux/Windows）")*--(回答入力_30名!D7:BC7=正解キー!$B$2:$B$51)*XLOOKUP(設定!$B$11:$B$60,設定!$A$5:$A$7,設定!$B$5:$B$7)*XLOOKUP(設定!$C$11:$C$60,設定!$D$5:$D$7,設定!$E$5:$E$7))/SUMPRODUCT(--(設定!$B$11:$B$60="OS（Linux/Windows）")*XLOOKUP(設定!$B$11:$B$60,設定!$A$5:$A$7,設定!$B$5:$B$7)*XLOOKUP(設定!$C$11:$C$60,設定!$D$5:$D$7,設定!$E$5:$E$7))*100) | H7: =IF(SUMPRODUCT(--(設定!$B$11:$B$60="AWS")*XLOOKUP(設定!$B$11:$B$60,設定!$A$5:$A$7,設定!$B$5:$B$7)*XLOOKUP(設定!$C$11:$C$60,設定!$D$5:$D$7,設定!$E$5:$E$7))=0,"",SUMPRODUCT(--(設定!$B$11:$B$60="AWS")*--(回答入力_30名!D7:BC7=正解キー!$B$2:$B$51)*XLOOKUP(設定!$B$11:$B$60,設定!$A$5:$A$7,設定!$B$5:$B$7)*XLOOKUP(設定!$C$11:$C$60,設定!$D$5:$D$7,設定!$E$5:$E$7))/SUMPRODUCT(--(設定!$B$11:$B$60="AWS")*XLOOKUP(設定!$B$11:$B$60,設定!$A$5:$A$7,設定!$B$5:$B$7)*XLOOKUP(設定!$C$11:$C$60,設定!$D$5:$D$7,設定!$E$5:$E$7))*100) | I7: =IF(SUMPRODUCT(--(設定!$B$11:$B$60="NW/Security")*XLOOKUP(設定!$B$11:$B$60,設定!$A$5:$A$7,設定!$B$5:$B$7)*XLOOKUP(設定!$C$11:$C$60,設定!$D$5:$D$7,設定!$E$5:$E$7))=0,"",SUMPRODUCT(--(設定!$B$11:$B$60="NW/Security")*--(回答入力_30名!D7:BC7=正解キー!$B$2:$B$51)*XLOOKUP(設定!$B$11:$B$60,設定!$A$5:$A$7,設定!$B$5:$B$7)*XLOOKUP(設定!$C$11:$C$60,設定!$D$5:$D$7,設定!$E$5:$E$7))/SUMPRODUCT(--(設定!$B$11:$B$60="NW/Security")*XLOOKUP(設定!$B$11:$B$60,設定!$A$5:$A$7,設定!$B$5:$B$7)*XLOOKUP(設定!$C$11:$C$60,設定!$D$5:$D$7,設定!$E$5:$E$7))*100) | J7: =IF(F7="","",IF(F7>=85,"即戦力",IF(F7>=70,"主担当",IF(F7>=55,"サポート","育成"))))
A8: =回答入力_30名!A8 | B8: =回答入力_30名!B8 | C8: =回答入力_30名!C8 | D8: =SUMPRODUCT(--(回答入力_30名!D8:BC8=正解キー!$B$2:$B$51)*XLOOKUP(設定!$B$11:$B$60,設定!$A$5:$A$7,設定!$B$5:$B$7)*XLOOKUP(設定!$C$11:$C$60,設定!$D$5:$D$7,設定!$E$5:$E$7)) | E8: =SUMPRODUCT(XLOOKUP(設定!$B$11:$B$60,設定!$A$5:$A$7,設定!$B$5:$B$7)*XLOOKUP(設定!$C$11:$C$60,設定!$D$5:$D$7,設定!$E$5:$E$7)) | F8: =IF(E8=0,"",D8/E8*100) | G8: =IF(SUMPRODUCT(--(設定!$B$11:$B$60="OS（Linux/Windows）")*XLOOKUP(設定!$B$11:$B$60,設定!$A$5:$A$7,設定!$B$5:$B$7)*XLOOKUP(設定!$C$11:$C$60,設定!$D$5:$D$7,設定!$E$5:$E$7))=0,"",SUMPRODUCT(--(設定!$B$11:$B$60="OS（Linux/Windows）")*--(回答入力_30名!D8:BC8=正解キー!$B$2:$B$51)*XLOOKUP(設定!$B$11:$B$60,設定!$A$5:$A$7,設定!$B$5:$B$7)*XLOOKUP(設定!$C$11:$C$60,設定!$D$5:$D$7,設定!$E$5:$E$7))/SUMPRODUCT(--(設定!$B$11:$B$60="OS（Linux/Windows）")*XLOOKUP(設定!$B$11:$B$60,設定!$A$5:$A$7,設定!$B$5:$B$7)*XLOOKUP(設定!$C$11:$C$60,設定!$D$5:$D$7,設定!$E$5:$E$7))*100) | H8: =IF(SUMPRODUCT(--(設定!$B$11:$B$60="AWS")*XLOOKUP(設定!$B$11:$B$60,設定!$A$5:$A$7,設定!$B$5:$B$7)*XLOOKUP(設定!$C$11:$C$60,設定!$D$5:$D$7,設定!$E$5:$E$7))=0,"",SUMPRODUCT(--(設定!$B$11:$B$60="AWS")*--(回答入力_30名!D8:BC8=正解キー!$B$2:$B$51)*XLOOKUP(設定!$B$11:$B$60,設定!$A$5:$A$7,設定!$B$5:$B$7)*XLOOKUP(設定!$C$11:$C$60,設定!$D$5:$D$7,設定!$E$5:$E$7))/SUMPRODUCT(--(設定!$B$11:$B$60="AWS")*XLOOKUP(設定!$B$11:$B$60,設定!$A$5:$A$7,設定!$B$5:$B$7)*XLOOKUP(設定!$C$11:$C$60,設定!$D$5:$D$7,設定!$E$5:$E$7))*100) | I8: =IF(SUMPRODUCT(--(設定!$B$11:$B$60="NW/Security")*XLOOKUP(設定!$B$11:$B$60,設定!$A$5:$A$7,設定!$B$5:$B$7)*XLOOKUP(設定!$C$11:$C$60,設定!$D$5:$D$7,設定!$E$5:$E$7))=0,"",SUMPRODUCT(--(設定!$B$11:$B$60="NW/Security")*--(回答入力_30名!D8:BC8=正解キー!$B$2:$B$51)*XLOOKUP(設定!$B$11:$B$60,設定!$A$5:$A$7,設定!$B$5:$B$7)*XLOOKUP(設定!$C$11:$C$60,設定!$D$5:$D$7,設定!$E$5:$E$7))/SUMPRODUCT(--(設定!$B$11:$B$60="NW/Security")*XLOOKUP(設定!$B$11:$B$60,設定!$A$5:$A$7,設定!$B$5:$B$7)*XLOOKUP(設定!$C$11:$C$60,設定!$D$5:$D$7,設定!$E$5:$E$7))*100) | J8: =IF(F8="","",IF(F8>=85,"即戦力",IF(F8>=70,"主担当",IF(F8>=55,"サポート","育成"))))
A9: =回答入力_30名!A9 | B9: =回答入力_30名!B9 | C9: =回答入力_30名!C9 | D9: =SUMPRODUCT(--(回答入力_30名!D9:BC9=正解キー!$B$2:$B$51)*XLOOKUP(設定!$B$11:$B$60,設定!$A$5:$A$7,設定!$B$5:$B$7)*XLOOKUP(設定!$C$11:$C$60,設定!$D$5:$D$7,設定!$E$5:$E$7)) | E9: =SUMPRODUCT(XLOOKUP(設定!$B$11:$B$60,設定!$A$5:$A$7,設定!$B$5:$B$7)*XLOOKUP(設定!$C$11:$C$60,設定!$D$5:$D$7,設定!$E$5:$E$7)) | F9: =IF(E9=0,"",D9/E9*100) | G9: =IF(SUMPRODUCT(--(設定!$B$11:$B$60="OS（Linux/Windows）")*XLOOKUP(設定!$B$11:$B$60,設定!$A$5:$A$7,設定!$B$5:$B$7)*XLOOKUP(設定!$C$11:$C$60,設定!$D$5:$D$7,設定!$E$5:$E$7))=0,"",SUMPRODUCT(--(設定!$B$11:$B$60="OS（Linux/Windows）")*--(回答入力_30名!D9:BC9=正解キー!$B$2:$B$51)*XLOOKUP(設定!$B$11:$B$60,設定!$A$5:$A$7,設定!$B$5:$B$7)*XLOOKUP(設定!$C$11:$C$60,設定!$D$5:$D$7,設定!$E$5:$E$7))/SUMPRODUCT(--(設定!$B$11:$B$60="OS（Linux/Windows）")*XLOOKUP(設定!$B$11:$B$60,設定!$A$5:$A$7,設定!$B$5:$B$7)*XLOOKUP(設定!$C$11:$C$60,設定!$D$5:$D$7,設定!$E$5:$E$7))*100) | H9: =IF(SUMPRODUCT(--(設定!$B$11:$B$60="AWS")*XLOOKUP(設定!$B$11:$B$60,設定!$A$5:$A$7,設定!$B$5:$B$7)*XLOOKUP(設定!$C$11:$C$60,設定!$D$5:$D$7,設定!$E$5:$E$7))=0,"",SUMPRODUCT(--(設定!$B$11:$B$60="AWS")*--(回答入力_30名!D9:BC9=正解キー!$B$2:$B$51)*XLOOKUP(設定!$B$11:$B$60,設定!$A$5:$A$7,設定!$B$5:$B$7)*XLOOKUP(設定!$C$11:$C$60,設定!$D$5:$D$7,設定!$E$5:$E$7))/SUMPRODUCT(--(設定!$B$11:$B$60="AWS")*XLOOKUP(設定!$B$11:$B$60,設定!$A$5:$A$7,設定!$B$5:$B$7)*XLOOKUP(設定!$C$11:$C$60,設定!$D$5:$D$7,設定!$E$5:$E$7))*100) | I9: =IF(SUMPRODUCT(--(設定!$B$11:$B$60="NW/Security")*XLOOKUP(設定!$B$11:$B$60,設定!$A$5:$A$7,設定!$B$5:$B$7)*XLOOKUP(設定!$C$11:$C$60,設定!$D$5:$D$7,設定!$E$5:$E$7))=0,"",SUMPRODUCT(--(設定!$B$11:$B$60="NW/Security")*--(回答入力_30名!D9:BC9=正解キー!$B$2:$B$51)*XLOOKUP(設定!$B$11:$B$60,設定!$A$5:$A$7,設定!$B$5:$B$7)*XLOOKUP(設定!$C$11:$C$60,設定!$D$5:$D$7,設定!$E$5:$E$7))/SUMPRODUCT(--(設定!$B$11:$B$60="NW/Security")*XLOOKUP(設定!$B$11:$B$60,設定!$A$5:$A$7,設定!$B$5:$B$7)*XLOOKUP(設定!$C$11:$C$60,設定!$D$5:$D$7,設定!$E$5:$E$7))*100) | J9: =IF(F9="","",IF(F9>=85,"即戦力",IF(F9>=70,"主担当",IF(F9>=55,"サポート","育成"))))
A10: =回答入力_30名!A10 | B10: =回答入力_30名!B10 | C10: =回答入力_30名!C10 | D10: =SUMPRODUCT(--(回答入力_30名!D10:BC10=正解キー!$B$2:$B$51)*XLOOKUP(設定!$B$11:$B$60,設定!$A$5:$A$7,設定!$B$5:$B$7)*XLOOKUP(設定!$C$11:$C$60,設定!$D$5:$D$7,設定!$E$5:$E$7)) | E10: =SUMPRODUCT(XLOOKUP(設定!$B$11:$B$60,設定!$A$5:$A$7,設定!$B$5:$B$7)*XLOOKUP(設定!$C$11:$C$60,設定!$D$5:$D$7,設定!$E$5:$E$7)) | F10: =IF(E10=0,"",D10/E10*100) | G10: =IF(SUMPRODUCT(--(設定!$B$11:$B$60="OS（Linux/Windows）")*XLOOKUP(設定!$B$11:$B$60,設定!$A$5:$A$7,設定!$B$5:$B$7)*XLOOKUP(設定!$C$11:$C$60,設定!$D$5:$D$7,設定!$E$5:$E$7))=0,"",SUMPRODUCT(--(設定!$B$11:$B$60="OS（Linux/Windows）")*--(回答入力_30名!D10:BC10=正解キー!$B$2:$B$51)*XLOOKUP(設定!$B$11:$B$60,設定!$A$5:$A$7,設定!$B$5:$B$7)*XLOOKUP(設定!$C$11:$C$60,設定!$D$5:$D$7,設定!$E$5:$E$7))/SUMPRODUCT(--(設定!$B$11:$B$60="OS（Linux/Windows）")*XLOOKUP(設定!$B$11:$B$60,設定!$A$5:$A$7,設定!$B$5:$B$7)*XLOOKUP(設定!$C$11:$C$60,設定!$D$5:$D$7,設定!$E$5:$E$7))*100) | H10: =IF(SUMPRODUCT(--(設定!$B$11:$B$60="AWS")*XLOOKUP(設定!$B$11:$B$60,設定!$A$5:$A$7,設定!$B$5:$B$7)*XLOOKUP(設定!$C$11:$C$60,設定!$D$5:$D$7,設定!$E$5:$E$7))=0,"",SUMPRODUCT(--(設定!$B$11:$B$60="AWS")*--(回答入力_30名!D10:BC10=正解キー!$B$2:$B$51)*XLOOKUP(設定!$B$11:$B$60,設定!$A$5:$A$7,設定!$B$5:$B$7)*XLOOKUP(設定!$C$11:$C$60,設定!$D$5:$D$7,設定!$E$5:$E$7))/SUMPRODUCT(--(設定!$B$11:$B$60="AWS")*XLOOKUP(設定!$B$11:$B$60,設定!$A$5:$A$7,設定!$B$5:$B$7)*XLOOKUP(設定!$C$11:$C$60,設定!$D$5:$D$7,設定!$E$5:$E$7))*100) | I10: =IF(SUMPRODUCT(--(設定!$B$11:$B$60="NW/Security")*XLOOKUP(設定!$B$11:$B$60,設定!$A$5:$A$7,設定!$B$5:$B$7)*XLOOKUP(設定!$C$11:$C$60,設定!$D$5:$D$7,設定!$E$5:$E$7))=0,"",SUMPRODUCT(--(設定!$B$11:$B$60="NW/Security")*--(回答入力_30名!D10:BC10=正解キー!$B$2:$B$51)*XLOOKUP(設定!$B$11:$B$60,設定!$A$5:$A$7,設定!$B$5:$B$7)*XLOOKUP(設定!$C$11:$C$60,設定!$D$5:$D$7,設定!$E$5:$E$7))/SUMPRODUCT(--(設定!$B$11:$B$60="NW/Security")*XLOOKUP(設定!$B$11:$B$60,設定!$A$5:$A$7,設定!$B$5:$B$7)*XLOOKUP(設定!$C$11:$C$60,設定!$D$5:$D$7,設定!$E$5:$E$7))*100) | J10: =IF(F10="","",IF(F10>=85,"即戦力",IF(F10>=70,"主担当",IF(F10>=55,"サポート","育成"))))
A11: =回答入力_30名!A11 | B11: =回答入力_30名!B11 | C11: =回答入力_30名!C11 | D11: =SUMPRODUCT(--(回答入力_30名!D11:BC11=正解キー!$B$2:$B$51)*XLOOKUP(設定!$B$11:$B$60,設定!$A$5:$A$7,設定!$B$5:$B$7)*XLOOKUP(設定!$C$11:$C$60,設定!$D$5:$D$7,設定!$E$5:$E$7)) | E11: =SUMPRODUCT(XLOOKUP(設定!$B$11:$B$60,設定!$A$5:$A$7,設定!$B$5:$B$7)*XLOOKUP(設定!$C$11:$C$60,設定!$D$5:$D$7,設定!$E$5:$E$7)) | F11: =IF(E11=0,"",D11/E11*100) | G11: =IF(SUMPRODUCT(--(設定!$B$11:$B$60="OS（Linux/Windows）")*XLOOKUP(設定!$B$11:$B$60,設定!$A$5:$A$7,設定!$B$5:$B$7)*XLOOKUP(設定!$C$11:$C$60,設定!$D$5:$D$7,設定!$E$5:$E$7))=0,"",SUMPRODUCT(--(設定!$B$11:$B$60="OS（Linux/Windows）")*--(回答入力_30名!D11:BC11=正解キー!$B$2:$B$51)*XLOOKUP(設定!$B$11:$B$60,設定!$A$5:$A$7,設定!$B$5:$B$7)*XLOOKUP(設定!$C$11:$C$60,設定!$D$5:$D$7,設定!$E$5:$E$7))/SUMPRODUCT(--(設定!$B$11:$B$60="OS（Linux/Windows）")*XLOOKUP(設定!$B$11:$B$60,設定!$A$5:$A$7,設定!$B$5:$B$7)*XLOOKUP(設定!$C$11:$C$60,設定!$D$5:$D$7,設定!$E$5:$E$7))*100) | H11: =IF(SUMPRODUCT(--(設定!$B$11:$B$60="AWS")*XLOOKUP(設定!$B$11:$B$60,設定!$A$5:$A$7,設定!$B$5:$B$7)*XLOOKUP(設定!$C$11:$C$60,設定!$D$5:$D$7,設定!$E$5:$E$7))=0,"",SUMPRODUCT(--(設定!$B$11:$B$60="AWS")*--(回答入力_30名!D11:BC11=正解キー!$B$2:$B$51)*XLOOKUP(設定!$B$11:$B$60,設定!$A$5:$A$7,設定!$B$5:$B$7)*XLOOKUP(設定!$C$11:$C$60,設定!$D$5:$D$7,設定!$E$5:$E$7))/SUMPRODUCT(--(設定!$B$11:$B$60="AWS")*XLOOKUP(設定!$B$11:$B$60,設定!$A$5:$A$7,設定!$B$5:$B$7)*XLOOKUP(設定!$C$11:$C$60,設定!$D$5:$D$7,設定!$E$5:$E$7))*100) | I11: =IF(SUMPRODUCT(--(設定!$B$11:$B$60="NW/Security")*XLOOKUP(設定!$B$11:$B$60,設定!$A$5:$A$7,設定!$B$5:$B$7)*XLOOKUP(設定!$C$11:$C$60,設定!$D$5:$D$7,設定!$E$5:$E$7))=0,"",SUMPRODUCT(--(設定!$B$11:$B$60="NW/Security")*--(回答入力_30名!D11:BC11=正解キー!$B$2:$B$51)*XLOOKUP(設定!$B$11:$B$60,設定!$A$5:$A$7,設定!$B$5:$B$7)*XLOOKUP(設定!$C$11:$C$60,設定!$D$5:$D$7,設定!$E$5:$E$7))/SUMPRODUCT(--(設定!$B$11:$B$60="NW/Security")*XLOOKUP(設定!$B$11:$B$60,設定!$A$5:$A$7,設定!$B$5:$B$7)*XLOOKUP(設定!$C$11:$C$60,設定!$D$5:$D$7,設定!$E$5:$E$7))*100) | J11: =IF(F11="","",IF(F11>=85,"即戦力",IF(F11>=70,"主担当",IF(F11>=55,"サポート","育成"))))
A12: =回答入力_30名!A12 | B12: =回答入力_30名!B12 | C12: =回答入力_30名!C12 | D12: =SUMPRODUCT(--(回答入力_30名!D12:BC12=正解キー!$B$2:$B$51)*XLOOKUP(設定!$B$11:$B$60,設定!$A$5:$A$7,設定!$B$5:$B$7)*XLOOKUP(設定!$C$11:$C$60,設定!$D$5:$D$7,設定!$E$5:$E$7)) | E12: =SUMPRODUCT(XLOOKUP(設定!$B$11:$B$60,設定!$A$5:$A$7,設定!$B$5:$B$7)*XLOOKUP(設定!$C$11:$C$60,設定!$D$5:$D$7,設定!$E$5:$E$7)) | F12: =IF(E12=0,"",D12/E12*100) | G12: =IF(SUMPRODUCT(--(設定!$B$11:$B$60="OS（Linux/Windows）")*XLOOKUP(設定!$B$11:$B$60,設定!$A$5:$A$7,設定!$B$5:$B$7)*XLOOKUP(設定!$C$11:$C$60,設定!$D$5:$D$7,設定!$E$5:$E$7))=0,"",SUMPRODUCT(--(設定!$B$11:$B$60="OS（Linux/Windows）")*--(回答入力_30名!D12:BC12=正解キー!$B$2:$B$51)*XLOOKUP(設定!$B$11:$B$60,設定!$A$5:$A$7,設定!$B$5:$B$7)*XLOOKUP(設定!$C$11:$C$60,設定!$D$5:$D$7,設定!$E$5:$E$7))/SUMPRODUCT(--(設定!$B$11:$B$60="OS（Linux/Windows）")*XLOOKUP(設定!$B$11:$B$60,設定!$A$5:$A$7,設定!$B$5:$B$7)*XLOOKUP(設定!$C$11:$C$60,設定!$D$5:$D$7,設定!$E$5:$E$7))*100) | H12: =IF(SUMPRODUCT(--(設定!$B$11:$B$60="AWS")*XLOOKUP(設定!$B$11:$B$60,設定!$A$5:$A$7,設定!$B$5:$B$7)*XLOOKUP(設定!$C$11:$C$60,設定!$D$5:$D$7,設定!$E$5:$E$7))=0,"",SUMPRODUCT(--(設定!$B$11:$B$60="AWS")*--(回答入力_30名!D12:BC12=正解キー!$B$2:$B$51)*XLOOKUP(設定!$B$11:$B$60,設定!$A$5:$A$7,設定!$B$5:$B$7)*XLOOKUP(設定!$C$11:$C$60,設定!$D$5:$D$7,設定!$E$5:$E$7))/SUMPRODUCT(--(設定!$B$11:$B$60="AWS")*XLOOKUP(設定!$B$11:$B$60,設定!$A$5:$A$7,設定!$B$5:$B$7)*XLOOKUP(設定!$C$11:$C$60,設定!$D$5:$D$7,設定!$E$5:$E$7))*100) | I12: =IF(SUMPRODUCT(--(設定!$B$11:$B$60="NW/Security")*XLOOKUP(設定!$B$11:$B$60,設定!$A$5:$A$7,設定!$B$5:$B$7)*XLOOKUP(設定!$C$11:$C$60,設定!$D$5:$D$7,設定!$E$5:$E$7))=0,"",SUMPRODUCT(--(設定!$B$11:$B$60="NW/Security")*--(回答入力_30名!D12:BC12=正解キー!$B$2:$B$51)*XLOOKUP(設定!$B$11:$B$60,設定!$A$5:$A$7,設定!$B$5:$B$7)*XLOOKUP(設定!$C$11:$C$60,設定!$D$5:$D$7,設定!$E$5:$E$7))/SUMPRODUCT(--(設定!$B$11:$B$60="NW/Security")*XLOOKUP(設定!$B$11:$B$60,設定!$A$5:$A$7,設定!$B$5:$B$7)*XLOOKUP(設定!$C$11:$C$60,設定!$D$5:$D$7,設定!$E$5:$E$7))*100) | J12: =IF(F12="","",IF(F12>=85,"即戦力",IF(F12>=70,"主担当",IF(F12>=55,"サポート","育成"))))
A13: =回答入力_30名!A13 | B13: =回答入力_30名!B13 | C13: =回答入力_30名!C13 | D13: =SUMPRODUCT(--(回答入力_30名!D13:BC13=正解キー!$B$2:$B$51)*XLOOKUP(設定!$B$11:$B$60,設定!$A$5:$A$7,設定!$B$5:$B$7)*XLOOKUP(設定!$C$11:$C$60,設定!$D$5:$D$7,設定!$E$5:$E$7)) | E13: =SUMPRODUCT(XLOOKUP(設定!$B$11:$B$60,設定!$A$5:$A$7,設定!$B$5:$B$7)*XLOOKUP(設定!$C$11:$C$60,設定!$D$5:$D$7,設定!$E$5:$E$7)) | F13: =IF(E13=0,"",D13/E13*100) | G13: =IF(SUMPRODUCT(--(設定!$B$11:$B$60="OS（Linux/Windows）")*XLOOKUP(設定!$B$11:$B$60,設定!$A$5:$A$7,設定!$B$5:$B$7)*XLOOKUP(設定!$C$11:$C$60,設定!$D$5:$D$7,設定!$E$5:$E$7))=0,"",SUMPRODUCT(--(設定!$B$11:$B$60="OS（Linux/Windows）")*--(回答入力_30名!D13:BC13=正解キー!$B$2:$B$51)*XLOOKUP(設定!$B$11:$B$60,設定!$A$5:$A$7,設定!$B$5:$B$7)*XLOOKUP(設定!$C$11:$C$60,設定!$D$5:$D$7,設定!$E$5:$E$7))/SUMPRODUCT(--(設定!$B$11:$B$60="OS（Linux/Windows）")*XLOOKUP(設定!$B$11:$B$60,設定!$A$5:$A$7,設定!$B$5:$B$7)*XLOOKUP(設定!$C$11:$C$60,設定!$D$5:$D$7,設定!$E$5:$E$7))*100) | H13: =IF(SUMPRODUCT(--(設定!$B$11:$B$60="AWS")*XLOOKUP(設定!$B$11:$B$60,設定!$A$5:$A$7,設定!$B$5:$B$7)*XLOOKUP(設定!$C$11:$C$60,設定!$D$5:$D$7,設定!$E$5:$E$7))=0,"",SUMPRODUCT(--(設定!$B$11:$B$60="AWS")*--(回答入力_30名!D13:BC13=正解キー!$B$2:$B$51)*XLOOKUP(設定!$B$11:$B$60,設定!$A$5:$A$7,設定!$B$5:$B$7)*XLOOKUP(設定!$C$11:$C$60,設定!$D$5:$D$7,設定!$E$5:$E$7))/SUMPRODUCT(--(設定!$B$11:$B$60="AWS")*XLOOKUP(設定!$B$11:$B$60,設定!$A$5:$A$7,設定!$B$5:$B$7)*XLOOKUP(設定!$C$11:$C$60,設定!$D$5:$D$7,設定!$E$5:$E$7))*100) | I13: =IF(SUMPRODUCT(--(設定!$B$11:$B$60="NW/Security")*XLOOKUP(設定!$B$11:$B$60,設定!$A$5:$A$7,設定!$B$5:$B$7)*XLOOKUP(設定!$C$11:$C$60,設定!$D$5:$D$7,設定!$E$5:$E$7))=0,"",SUMPRODUCT(--(設定!$B$11:$B$60="NW/Security")*--(回答入力_30名!D13:BC13=正解キー!$B$2:$B$51)*XLOOKUP(設定!$B$11:$B$60,設定!$A$5:$A$7,設定!$B$5:$B$7)*XLOOKUP(設定!$C$11:$C$60,設定!$D$5:$D$7,設定!$E$5:$E$7))/SUMPRODUCT(--(設定!$B$11:$B$60="NW/Security")*XLOOKUP(設定!$B$11:$B$60,設定!$A$5:$A$7,設定!$B$5:$B$7)*XLOOKUP(設定!$C$11:$C$60,設定!$D$5:$D$7,設定!$E$5:$E$7))*100) | J13: =IF(F13="","",IF(F13>=85,"即戦力",IF(F13>=70,"主担当",IF(F13>=55,"サポート","育成"))))
A14: =回答入力_30名!A14 | B14: =回答入力_30名!B14 | C14: =回答入力_30名!C14 | D14: =SUMPRODUCT(--(回答入力_30名!D14:BC14=正解キー!$B$2:$B$51)*XLOOKUP(設定!$B$11:$B$60,設定!$A$5:$A$7,設定!$B$5:$B$7)*XLOOKUP(設定!$C$11:$C$60,設定!$D$5:$D$7,設定!$E$5:$E$7)) | E14: =SUMPRODUCT(XLOOKUP(設定!$B$11:$B$60,設定!$A$5:$A$7,設定!$B$5:$B$7)*XLOOKUP(設定!$C$11:$C$60,設定!$D$5:$D$7,設定!$E$5:$E$7)) | F14: =IF(E14=0,"",D14/E14*100) | G14: =IF(SUMPRODUCT(--(設定!$B$11:$B$60="OS（Linux/Windows）")*XLOOKUP(設定!$B$11:$B$60,設定!$A$5:$A$7,設定!$B$5:$B$7)*XLOOKUP(設定!$C$11:$C$60,設定!$D$5:$D$7,設定!$E$5:$E$7))=0,"",SUMPRODUCT(--(設定!$B$11:$B$60="OS（Linux/Windows）")*--(回答入力_30名!D14:BC14=正解キー!$B$2:$B$51)*XLOOKUP(設定!$B$11:$B$60,設定!$A$5:$A$7,設定!$B$5:$B$7)*XLOOKUP(設定!$C$11:$C$60,設定!$D$5:$D$7,設定!$E$5:$E$7))/SUMPRODUCT(--(設定!$B$11:$B$60="OS（Linux/Windows）")*XLOOKUP(設定!$B$11:$B$60,設定!$A$5:$A$7,設定!$B$5:$B$7)*XLOOKUP(設定!$C$11:$C$60,設定!$D$5:$D$7,設定!$E$5:$E$7))*100) | H14: =IF(SUMPRODUCT(--(設定!$B$11:$B$60="AWS")*XLOOKUP(設定!$B$11:$B$60,設定!$A$5:$A$7,設定!$B$5:$B$7)*XLOOKUP(設定!$C$11:$C$60,設定!$D$5:$D$7,設定!$E$5:$E$7))=0,"",SUMPRODUCT(--(設定!$B$11:$B$60="AWS")*--(回答入力_30名!D14:BC14=正解キー!$B$2:$B$51)*XLOOKUP(設定!$B$11:$B$60,設定!$A$5:$A$7,設定!$B$5:$B$7)*XLOOKUP(設定!$C$11:$C$60,設定!$D$5:$D$7,設定!$E$5:$E$7))/SUMPRODUCT(--(設定!$B$11:$B$60="AWS")*XLOOKUP(設定!$B$11:$B$60,設定!$A$5:$A$7,設定!$B$5:$B$7)*XLOOKUP(設定!$C$11:$C$60,設定!$D$5:$D$7,設定!$E$5:$E$7))*100) | I14: =IF(SUMPRODUCT(--(設定!$B$11:$B$60="NW/Security")*XLOOKUP(設定!$B$11:$B$60,設定!$A$5:$A$7,設定!$B$5:$B$7)*XLOOKUP(設定!$C$11:$C$60,設定!$D$5:$D$7,設定!$E$5:$E$7))=0,"",SUMPRODUCT(--(設定!$B$11:$B$60="NW/Security")*--(回答入力_30名!D14:BC14=正解キー!$B$2:$B$51)*XLOOKUP(設定!$B$11:$B$60,設定!$A$5:$A$7,設定!$B$5:$B$7)*XLOOKUP(設定!$C$11:$C$60,設定!$D$5:$D$7,設定!$E$5:$E$7))/SUMPRODUCT(--(設定!$B$11:$B$60="NW/Security")*XLOOKUP(設定!$B$11:$B$60,設定!$A$5:$A$7,設定!$B$5:$B$7)*XLOOKUP(設定!$C$11:$C$60,設定!$D$5:$D$7,設定!$E$5:$E$7))*100) | J14: =IF(F14="","",IF(F14>=85,"即戦力",IF(F14>=70,"主担当",IF(F14>=55,"サポート","育成"))))
A15: =回答入力_30名!A15 | B15: =回答入力_30名!B15 | C15: =回答入力_30名!C15 | D15: =SUMPRODUCT(--(回答入力_30名!D15:BC15=正解キー!$B$2:$B$51)*XLOOKUP(設定!$B$11:$B$60,設定!$A$5:$A$7,設定!$B$5:$B$7)*XLOOKUP(設定!$C$11:$C$60,設定!$D$5:$D$7,設定!$E$5:$E$7)) | E15: =SUMPRODUCT(XLOOKUP(設定!$B$11:$B$60,設定!$A$5:$A$7,設定!$B$5:$B$7)*XLOOKUP(設定!$C$11:$C$60,設定!$D$5:$D$7,設定!$E$5:$E$7)) | F15: =IF(E15=0,"",D15/E15*100) | G15: =IF(SUMPRODUCT(--(設定!$B$11:$B$60="OS（Linux/Windows）")*XLOOKUP(設定!$B$11:$B$60,設定!$A$5:$A$7,設定!$B$5:$B$7)*XLOOKUP(設定!$C$11:$C$60,設定!$D$5:$D$7,設定!$E$5:$E$7))=0,"",SUMPRODUCT(--(設定!$B$11:$B$60="OS（Linux/Windows）")*--(回答入力_30名!D15:BC15=正解キー!$B$2:$B$51)*XLOOKUP(設定!$B$11:$B$60,設定!$A$5:$A$7,設定!$B$5:$B$7)*XLOOKUP(設定!$C$11:$C$60,設定!$D$5:$D$7,設定!$E$5:$E$7))/SUMPRODUCT(--(設定!$B$11:$B$60="OS（Linux/Windows）")*XLOOKUP(設定!$B$11:$B$60,設定!$A$5:$A$7,設定!$B$5:$B$7)*XLOOKUP(設定!$C$11:$C$60,設定!$D$5:$D$7,設定!$E$5:$E$7))*100) | H15: =IF(SUMPRODUCT(--(設定!$B$11:$B$60="AWS")*XLOOKUP(設定!$B$11:$B$60,設定!$A$5:$A$7,設定!$B$5:$B$7)*XLOOKUP(設定!$C$11:$C$60,設定!$D$5:$D$7,設定!$E$5:$E$7))=0,"",SUMPRODUCT(--(設定!$B$11:$B$60="AWS")*--(回答入力_30名!D15:BC15=正解キー!$B$2:$B$51)*XLOOKUP(設定!$B$11:$B$60,設定!$A$5:$A$7,設定!$B$5:$B$7)*XLOOKUP(設定!$C$11:$C$60,設定!$D$5:$D$7,設定!$E$5:$E$7))/SUMPRODUCT(--(設定!$B$11:$B$60="AWS")*XLOOKUP(設定!$B$11:$B$60,設定!$A$5:$A$7,設定!$B$5:$B$7)*XLOOKUP(設定!$C$11:$C$60,設定!$D$5:$D$7,設定!$E$5:$E$7))*100) | I15: =IF(SUMPRODUCT(--(設定!$B$11:$B$60="NW/Security")*XLOOKUP(設定!$B$11:$B$60,設定!$A$5:$A$7,設定!$B$5:$B$7)*XLOOKUP(設定!$C$11:$C$60,設定!$D$5:$D$7,設定!$E$5:$E$7))=0,"",SUMPRODUCT(--(設定!$B$11:$B$60="NW/Security")*--(回答入力_30名!D15:BC15=正解キー!$B$2:$B$51)*XLOOKUP(設定!$B$11:$B$60,設定!$A$5:$A$7,設定!$B$5:$B$7)*XLOOKUP(設定!$C$11:$C$60,設定!$D$5:$D$7,設定!$E$5:$E$7))/SUMPRODUCT(--(設定!$B$11:$B$60="NW/Security")*XLOOKUP(設定!$B$11:$B$60,設定!$A$5:$A$7,設定!$B$5:$B$7)*XLOOKUP(設定!$C$11:$C$60,設定!$D$5:$D$7,設定!$E$5:$E$7))*100) | J15: =IF(F15="","",IF(F15>=85,"即戦力",IF(F15>=70,"主担当",IF(F15>=55,"サポート","育成"))))
A16: =回答入力_30名!A16 | B16: =回答入力_30名!B16 | C16: =回答入力_30名!C16 | D16: =SUMPRODUCT(--(回答入力_30名!D16:BC16=正解キー!$B$2:$B$51)*XLOOKUP(設定!$B$11:$B$60,設定!$A$5:$A$7,設定!$B$5:$B$7)*XLOOKUP(設定!$C$11:$C$60,設定!$D$5:$D$7,設定!$E$5:$E$7)) | E16: =SUMPRODUCT(XLOOKUP(設定!$B$11:$B$60,設定!$A$5:$A$7,設定!$B$5:$B$7)*XLOOKUP(設定!$C$11:$C$60,設定!$D$5:$D$7,設定!$E$5:$E$7)) | F16: =IF(E16=0,"",D16/E16*100) | G16: =IF(SUMPRODUCT(--(設定!$B$11:$B$60="OS（Linux/Windows）")*XLOOKUP(設定!$B$11:$B$60,設定!$A$5:$A$7,設定!$B$5:$B$7)*XLOOKUP(設定!$C$11:$C$60,設定!$D$5:$D$7,設定!$E$5:$E$7))=0,"",SUMPRODUCT(--(設定!$B$11:$B$60="OS（Linux/Windows）")*--(回答入力_30名!D16:BC16=正解キー!$B$2:$B$51)*XLOOKUP(設定!$B$11:$B$60,設定!$A$5:$A$7,設定!$B$5:$B$7)*XLOOKUP(設定!$C$11:$C$60,設定!$D$5:$D$7,設定!$E$5:$E$7))/SUMPRODUCT(--(設定!$B$11:$B$60="OS（Linux/Windows）")*XLOOKUP(設定!$B$11:$B$60,設定!$A$5:$A$7,設定!$B$5:$B$7)*XLOOKUP(設定!$C$11:$C$60,設定!$D$5:$D$7,設定!$E$5:$E$7))*100) | H16: =IF(SUMPRODUCT(--(設定!$B$11:$B$60="AWS")*XLOOKUP(設定!$B$11:$B$60,設定!$A$5:$A$7,設定!$B$5:$B$7)*XLOOKUP(設定!$C$11:$C$60,設定!$D$5:$D$7,設定!$E$5:$E$7))=0,"",SUMPRODUCT(--(設定!$B$11:$B$60="AWS")*--(回答入力_30名!D16:BC16=正解キー!$B$2:$B$51)*XLOOKUP(設定!$B$11:$B$60,設定!$A$5:$A$7,設定!$B$5:$B$7)*XLOOKUP(設定!$C$11:$C$60,設定!$D$5:$D$7,設定!$E$5:$E$7))/SUMPRODUCT(--(設定!$B$11:$B$60="AWS")*XLOOKUP(設定!$B$11:$B$60,設定!$A$5:$A$7,設定!$B$5:$B$7)*XLOOKUP(設定!$C$11:$C$60,設定!$D$5:$D$7,設定!$E$5:$E$7))*100) | I16: =IF(SUMPRODUCT(--(設定!$B$11:$B$60="NW/Security")*XLOOKUP(設定!$B$11:$B$60,設定!$A$5:$A$7,設定!$B$5:$B$7)*XLOOKUP(設定!$C$11:$C$60,設定!$D$5:$D$7,設定!$E$5:$E$7))=0,"",SUMPRODUCT(--(設定!$B$11:$B$60="NW/Security")*--(回答入力_30名!D16:BC16=正解キー!$B$2:$B$51)*XLOOKUP(設定!$B$11:$B$60,設定!$A$5:$A$7,設定!$B$5:$B$7)*XLOOKUP(設定!$C$11:$C$60,設定!$D$5:$D$7,設定!$E$5:$E$7))/SUMPRODUCT(--(設定!$B$11:$B$60="NW/Security")*XLOOKUP(設定!$B$11:$B$60,設定!$A$5:$A$7,設定!$B$5:$B$7)*XLOOKUP(設定!$C$11:$C$60,設定!$D$5:$D$7,設定!$E$5:$E$7))*100) | J16: =IF(F16="","",IF(F16>=85,"即戦力",IF(F16>=70,"主担当",IF(F16>=55,"サポート","育成"))))
A17: =回答入力_30名!A17 | B17: =回答入力_30名!B17 | C17: =回答入力_30名!C17 | D17: =SUMPRODUCT(--(回答入力_30名!D17:BC17=正解キー!$B$2:$B$51)*XLOOKUP(設定!$B$11:$B$60,設定!$A$5:$A$7,設定!$B$5:$B$7)*XLOOKUP(設定!$C$11:$C$60,設定!$D$5:$D$7,設定!$E$5:$E$7)) | E17: =SUMPRODUCT(XLOOKUP(設定!$B$11:$B$60,設定!$A$5:$A$7,設定!$B$5:$B$7)*XLOOKUP(設定!$C$11:$C$60,設定!$D$5:$D$7,設定!$E$5:$E$7)) | F17: =IF(E17=0,"",D17/E17*100) | G17: =IF(SUMPRODUCT(--(設定!$B$11:$B$60="OS（Linux/Windows）")*XLOOKUP(設定!$B$11:$B$60,設定!$A$5:$A$7,設定!$B$5:$B$7)*XLOOKUP(設定!$C$11:$C$60,設定!$D$5:$D$7,設定!$E$5:$E$7))=0,"",SUMPRODUCT(--(設定!$B$11:$B$60="OS（Linux/Windows）")*--(回答入力_30名!D17:BC17=正解キー!$B$2:$B$51)*XLOOKUP(設定!$B$11:$B$60,設定!$A$5:$A$7,設定!$B$5:$B$7)*XLOOKUP(設定!$C$11:$C$60,設定!$D$5:$D$7,設定!$E$5:$E$7))/SUMPRODUCT(--(設定!$B$11:$B$60="OS（Linux/Windows）")*XLOOKUP(設定!$B$11:$B$60,設定!$A$5:$A$7,設定!$B$5:$B$7)*XLOOKUP(設定!$C$11:$C$60,設定!$D$5:$D$7,設定!$E$5:$E$7))*100) | H17: =IF(SUMPRODUCT(--(設定!$B$11:$B$60="AWS")*XLOOKUP(設定!$B$11:$B$60,設定!$A$5:$A$7,設定!$B$5:$B$7)*XLOOKUP(設定!$C$11:$C$60,設定!$D$5:$D$7,設定!$E$5:$E$7))=0,"",SUMPRODUCT(--(設定!$B$11:$B$60="AWS")*--(回答入力_30名!D17:BC17=正解キー!$B$2:$B$51)*XLOOKUP(設定!$B$11:$B$60,設定!$A$5:$A$7,設定!$B$5:$B$7)*XLOOKUP(設定!$C$11:$C$60,設定!$D$5:$D$7,設定!$E$5:$E$7))/SUMPRODUCT(--(設定!$B$11:$B$60="AWS")*XLOOKUP(設定!$B$11:$B$60,設定!$A$5:$A$7,設定!$B$5:$B$7)*XLOOKUP(設定!$C$11:$C$60,設定!$D$5:$D$7,設定!$E$5:$E$7))*100) | I17: =IF(SUMPRODUCT(--(設定!$B$11:$B$60="NW/Security")*XLOOKUP(設定!$B$11:$B$60,設定!$A$5:$A$7,設定!$B$5:$B$7)*XLOOKUP(設定!$C$11:$C$60,設定!$D$5:$D$7,設定!$E$5:$E$7))=0,"",SUMPRODUCT(--(設定!$B$11:$B$60="NW/Security")*--(回答入力_30名!D17:BC17=正解キー!$B$2:$B$51)*XLOOKUP(設定!$B$11:$B$60,設定!$A$5:$A$7,設定!$B$5:$B$7)*XLOOKUP(設定!$C$11:$C$60,設定!$D$5:$D$7,設定!$E$5:$E$7))/SUMPRODUCT(--(設定!$B$11:$B$60="NW/Security")*XLOOKUP(設定!$B$11:$B$60,設定!$A$5:$A$7,設定!$B$5:$B$7)*XLOOKUP(設定!$C$11:$C$60,設定!$D$5:$D$7,設定!$E$5:$E$7))*100) | J17: =IF(F17="","",IF(F17>=85,"即戦力",IF(F17>=70,"主担当",IF(F17>=55,"サポート","育成"))))
... A34: =回答入力_30名!A34 | B34: =回答入力_30名!B34 | C34: =回答入力_30名!C34 | D34: =SUMPRODUCT(--(回答入力_30名!D34:BC34=正解キー!$B$2:$B$51)*XLOOKUP(設定!$B$11:$B$60,設定!$A$5:$A$7,設定!$B$5:$B$7)*XLOOKUP(設定!$C$11:$C$60,設定!$D$5:$D$7,設定!$E$5:$E$7)) | E34: =SUMPRODUCT(XLOOKUP(設定!$B$11:$B$60,設定!$A$5:$A$7,設定!$B$5:$B$7)*XLOOKUP(設定!$C$11:$C$60,設定!$D$5:$D$7,設定!$E$5:$E$7)) | F34: =IF(E34=0,"",D34/E34*100) | G34: =IF(SUMPRODUCT(--(設定!$B$11:$B$60="OS（Linux/Windows）")*XLOOKUP(設定!$B$11:$B$60,設定!$A$5:$A$7,設定!$B$5:$B$7)*XLOOKUP(設定!$C$11:$C$60,設定!$D$5:$D$7,設定!$E$5:$E$7))=0,"",SUMPRODUCT(--(設定!$B$11:$B$60="OS（Linux/Windows）")*--(回答入力_30名!D34:BC34=正解キー!$B$2:$B$51)*XLOOKUP(設定!$B$11:$B$60,設定!$A$5:$A$7,設定!$B$5:$B$7)*XLOOKUP(設定!$C$11:$C$60,設定!$D$5:$D$7,設定!$E$5:$E$7))/SUMPRODUCT(--(設定!$B$11:$B$60="OS（Linux/Windows）")*XLOOKUP(設定!$B$11:$B$60,設定!$A$5:$A$7,設定!$B$5:$B$7)*XLOOKUP(設定!$C$11:$C$60,設定!$D$5:$D$7,設定!$E$5:$E$7))*100) | H34: =IF(SUMPRODUCT(--(設定!$B$11:$B$60="AWS")*XLOOKUP(設定!$B$11:$B$60,設定!$A$5:$A$7,設定!$B$5:$B$7)*XLOOKUP(設定!$C$11:$C$60,設定!$D$5:$D$7,設定!$E$5:$E$7))=0,"",SUMPRODUCT(--(設定!$B$11:$B$60="AWS")*--(回答入力_30名!D34:BC34=正解キー!$B$2:$B$51)*XLOOKUP(設定!$B$11:$B$60,設定!$A$5:$A$7,設定!$B$5:$B$7)*XLOOKUP(設定!$C$11:$C$60,設定!$D$5:$D$7,設定!$E$5:$E$7))/SUMPRODUCT(--(設定!$B$11:$B$60="AWS")*XLOOKUP(設定!$B$11:$B$60,設定!$A$5:$A$7,設定!$B$5:$B$7)*XLOOKUP(設定!$C$11:$C$60,設定!$D$5:$D$7,設定!$E$5:$E$7))*100) | I34: =IF(SUMPRODUCT(--(設定!$B$11:$B$60="NW/Security")*XLOOKUP(設定!$B$11:$B$60,設定!$A$5:$A$7,設定!$B$5:$B$7)*XLOOKUP(設定!$C$11:$C$60,設定!$D$5:$D$7,設定!$E$5:$E$7))=0,"",SUMPRODUCT(--(設定!$B$11:$B$60="NW/Security")*--(回答入力_30名!D34:BC34=正解キー!$B$2:$B$51)*XLOOKUP(設定!$B$11:$B$60,設定!$A$5:$A$7,設定!$B$5:$B$7)*XLOOKUP(設定!$C$11:$C$60,設定!$D$5:$D$7,設定!$E$5:$E$7))/SUMPRODUCT(--(設定!$B$11:$B$60="NW/Security")*XLOOKUP(設定!$B$11:$B$60,設定!$A$5:$A$7,設定!$B$5:$B$7)*XLOOKUP(設定!$C$11:$C$60,設定!$D$5:$D$7,設定!$E$5:$E$7))*100) | J34: =IF(F34="","",IF(F34>=85,"即戦力",IF(F34>=70,"主担当",IF(F34>=55,"サポート","育成"))))

Sheet 設定
A1: 採点設定（複数人対応版）
A3: カテゴリ重み | D3: タイプ重み
A4: カテゴリ | B4: 重み | D4: タイプ | E4: 重み
A5: OS（Linux/Windows） | B5: 1 | D5: Knowledge（知識） | E5: 1
A6: AWS | B6: 1.2 | D6: Ops（運用判断） | E6: 1.2
A7: NW/Security | B7: 1.3 | D7: Risk（リスク判断） | E7: 1.4
A8: 設問ごとの分類（必要なら編集）
A10: Q# | B10: カテゴリ | C10: タイプ
A11: 1 | B11: OS（Linux/Windows） | C11: Ops（運用判断）
A12: 2 | B12: OS（Linux/Windows） | C12: Ops（運用判断）
A13: 3 | B13: OS（Linux/Windows） | C13: Ops（運用判断）
A14: 4 | B14: OS（Linux/Windows） | C14: Ops（運用判断）
A15: 5 | B15: OS（Linux/Windows） | C15: Ops（運用判断）
A16: 6 | B16: OS（Linux/Windows） | C16: Ops（運用判断）
A17: 7 | B17: OS（Linux/Windows） | C17: Ops（運用判断）
A18: 8 | B18: OS（Linux/Windows） | C18: Ops（運用判断）
A19: 9 | B19: OS（Linux/Windows） | C19: Ops（運用判断）
A20: 10 | B20: OS（Linux/Windows） | C20: Ops（運用判断）
A21: 11 | B21: OS（Linux/Windows） | C21: Knowledge（知識）
A22: 12 | B22: OS（Linux/Windows） | C22: Knowledge（知識）
... A60: 50 | B60: NW/Security | C60: Risk（リスク判断）
A62: メモ：カテゴリ／タイプ／重みを編集すると、全員の集計が自動更新されます。

Sheet 正解キー
A1: 問題番号 | B1: 正解（記号） | C1: 正解（文字列）
A2: Q1 | B2: A | C2: A) inode が枯渇している
A3: Q2 | B3: B | C3: B) ExecStart で指定した実行ファイルのパス誤り
A4: Q3 | B4: C | C4: C) 接続元 IP アドレスの DNS 逆引き遅延
A5: Q4 | B5: D | C5: D) /var/log/messages や journal の OS ログ
A6: Q5 | B6: A | C6: A) ディスク I/O wait の増加
A7: Q6 | B7: B | C7: B) ファイアウォールおよび TCP/3389 の通信可否
A8: Q7 | B8: C | C8: C) DNS レコードまたは名前解決設定の不備
A9: Q8 | B9: D | C9: D) サーバ間の時刻ずれ（NTP 不整合）
A10: Q9 | B10: A | C10: A) コマンドの絶対パス未指定による PATH 問題
A11: Q10 | B11: B | C11: B) CPU・メモリ・I/O 状況を可視化して把握する
A12: Q11 | B12: C | C12: C) 依存サービスが起動していない
... A51: Q50 | B51: B | C51: B) 影響範囲の把握と証跡の保全
