Workbook

Sheet Forms貼り付け
A1: Microsoft Forms のエクスポート（Excel）を、このシートのA3セルからそのまま貼り付けてください。
A2: 前提：質問タイトルに 'Q1'〜'Q50' が含まれていること（例：'Q1. 〜'）。自動で列を検出します。

Sheet 整形回答
A1: 整形回答（Forms貼り付けの列を自動検出してA/B/C/Dに正規化）
A2: Forms貼り付け!A3行＝ヘッダ、A4行以降＝回答の前提。ヘッダにQ1〜Q50が含まれていれば自動で列を拾います。
A3: 列検出（自動） | B3: =IFERROR(XMATCH("*名前*",Forms貼り付け!$A$3:$AZ$3,2),"") | C3: =IFERROR(XMATCH("*メール*",Forms貼り付け!$A$3:$AZ$3,2),"") | D3: =IFERROR(XMATCH("*開始*",Forms貼り付け!$A$3:$AZ$3,2),"") | E3: =IFERROR(XMATCH("*完了*",Forms貼り付け!$A$3:$AZ$3,2),"") | F3: =IFERROR(XMATCH("*Q1*",Forms貼り付け!$A$3:$AZ$3,2),"") | G3: =IFERROR(XMATCH("*Q2*",Forms貼り付け!$A$3:$AZ$3,2),"") | H3: =IFERROR(XMATCH("*Q3*",Forms貼り付け!$A$3:$AZ$3,2),"") | I3: =IFERROR(XMATCH("*Q4*",Forms貼り付け!$A$3:$AZ$3,2),"") | J3: =IFERROR(XMATCH("*Q5*",Forms貼り付け!$A$3:$AZ$3,2),"") | K3: =IFERROR(XMATCH("*Q6*",Forms貼り付け!$A$3:$AZ$3,2),"") | L3: =IFERROR(XMATCH("*Q7*",Forms貼り付け!$A$3:$AZ$3,2),"") | M3: =IFERROR(XMATCH("*Q8*",Forms貼り付け!$A$3:$AZ$3,2),"") | N3: =IFERROR(XMATCH("*Q9*",Forms貼り付け!$A$3:$AZ$3,2),"") | O3: =IFERROR(XMATCH("*Q10*",Forms貼り付け!$A$3:$AZ$3,2),"") | P3: =IFERROR(XMATCH("*Q11*",Forms貼り付け!$A$3:$AZ$3,2),"") | Q3: =IFERROR(XMATCH("*Q12*",Forms貼り付け!$A$3:$AZ$3,2),"") | R3: =IFERROR(XMATCH("*Q13*",Forms貼り付け!$A$3:$AZ$3,2),"") | S3: =IFERROR(XMATCH("*Q14*",Forms貼り付け!$A$3:$AZ$3,2),"") | T3: =IFERROR(XMATCH("*Q15*",Forms貼り付け!$A$3:$AZ$3,2),"") | U3: =IFERROR(XMATCH("*Q16*",Forms貼り付け!$A$3:$AZ$3,2),"") | V3: =IFERROR(XMATCH("*Q17*",Forms貼り付け!$A$3:$AZ$3,2),"") | W3: =IFERROR(XMATCH("*Q18*",Forms貼り付け!$A$3:$AZ$3,2),"") | X3: =IFERROR(XMATCH("*Q19*",Forms貼り付け!$A$3:$AZ$3,2),"") | Y3: =IFERROR(XMATCH("*Q20*",Forms貼り付け!$A$3:$AZ$3,2),"") | Z3: =IFERROR(XMATCH("*Q21*",Forms貼り付け!$A$3:$AZ$3,2),"") | AA3: =IFERROR(XMATCH("*Q22*",Forms貼り付け!$A$3:$AZ$3,2),"") | AB3: =IFERROR(XMATCH("*Q23*",Forms貼り付け!$A$3:$AZ$3,2),"") | AC3: =IFERROR(XMATCH("*Q24*",Forms貼り付け!$A$3:$AZ$3,2),"") | AD3: =IFERROR(XMATCH("*Q25*",Forms貼り付け!$A$3:$AZ$3,2),"") | AE3: =IFERROR(XMATCH("*Q26*",Forms貼り付け!$A$3:$AZ$3,2),"") | AF3: =IFERROR(XMATCH("*Q27*",Forms貼り付け!$A$3:$AZ$3,2),"") | AG3: =IFERROR(XMATCH("*Q28*",Forms貼り付け!$A$3:$AZ$3,2),"") | AH3: =IFERROR(XMATCH("*Q29*",Forms貼り付け!$A$3:$AZ$3,2),"") | AI3: =IFERROR(XMATCH("*Q30*",Forms貼り付け!$A$3:$AZ$3,2),"") | AJ3: =IFERROR(XMATCH("*Q31*",Forms貼り付け!$A$3:$AZ$3,2),"") | AK3: =IFERROR(XMATCH("*Q32*",Forms貼り付け!$A$3:$AZ$3,2),"") | AL3: =IFERROR(XMATCH("*Q33*",Forms貼り付け!$A$3:$AZ$3,2),"") | AM3: =IFERROR(XMATCH("*Q34*",Forms貼り付け!$A$3:$AZ$3,2),"") | AN3: =IFERROR(XMATCH("*Q35*",Forms貼り付け!$A$3:$AZ$3,2),"") | AO3: =IFERROR(XMATCH("*Q36*",Forms貼り付け!$A$3:$AZ$3,2),"") | AP3: =IFERROR(XMATCH("*Q37*",Forms貼り付け!$A$3:$AZ$3,2),"") | AQ3: =IFERROR(XMATCH("*Q38*",Forms貼り付け!$A$3:$AZ$3,2),"") | AR3: =IFERROR(XMATCH("*Q39*",Forms貼り付け!$A$3:$AZ$3,2),"") | AS3: =IFERROR(XMATCH("*Q40*",Forms貼り付け!$A$3:$AZ$3,2),"") | AT3: =IFERROR(XMATCH("*Q41*",Forms貼り付け!$A$3:$AZ$3,2),"") | AU3: =IFERROR(XMATCH("*Q42*",Forms貼り付け!$A$3:$AZ$3,2),"") | AV3: =IFERROR(XMATCH("*Q43*",Forms貼り付け!$A$3:$AZ$3,2),"") | AW3: =IFERROR(XMATCH("*Q44*",Forms貼り付け!$A$3:$AZ$3,2),"") | AX3: =IFERROR(XMATCH("*Q45*",Forms貼り付け!$A$3:$AZ$3,2),"") | AY3: =IFERROR(XMATCH("*Q46*",Forms貼り付け!$A$3:$AZ$3,2),"") | AZ3: =IFERROR(XMATCH("*Q47*",Forms貼り付け!$A$3:$AZ$3,2),"") | BA3: =IFERROR(XMATCH("*Q48*",Forms貼り付け!$A$3:$AZ$3,2),"") | BB3: =IFERROR(XMATCH("*Q49*",Forms貼り付け!$A$3:$AZ$3,2),"") | BC3: =IFERROR(XMATCH("*Q50*",Forms貼り付け!$A$3:$AZ$3,2),"")
A4: 受験者ID | B4: 氏名 | C4: メール | D4: 開始時刻 | E4: 完了時刻 | F4: Q1 | G4: Q2 | H4: Q3 | I4: Q4 | J4: Q5 | K4: Q6 | L4: Q7 | M4: Q8 | N4: Q9 | O4: Q10 | P4: Q11 | Q4: Q12 | R4: Q13 | S4: Q14 | T4: Q15 | U4: Q16 | V4: Q17 | W4: Q18 | X4: Q19 | Y4: Q20 | Z4: Q21 | AA4: Q22 | AB4: Q23 | AC4: Q24 | AD4: Q25 | AE4: Q26 | AF4: Q27 | AG4: Q28 | AH4: Q29 | AI4: Q30 | AJ4: Q31 | AK4: Q32 | AL4: Q33 | AM4: Q34 | AN4: Q35 | AO4: Q36 | AP4: Q37 | AQ4: Q38 | AR4: Q39 | AS4: Q40 | AT4: Q41 | AU4: Q42 | AV4: Q43 | AW4: Q44 | AX4: Q45 | AY4: Q46 | AZ4: Q47 | BA4: Q48 | BB4: Q49 | BC4: Q50
A5: U001 | B5: =IF($B$3="","",INDEX(Forms貼り付け!$A:$AZ,4,$B$3)) | C5: =IF($C$3="","",INDEX(Forms貼り付け!$A:$AZ,4,$C$3)) | D5: =IF($D$3="","",INDEX(Forms貼り付け!$A:$AZ,4,$D$3)) | E5: =IF($E$3="","",INDEX(Forms貼り付け!$A:$AZ,4,$E$3)) | F5: =IF(F$3="","",IFERROR(LEFT(TRIM(INDEX(Forms貼り付け!$A:$AZ,4,F$3)),1),"")) | G5: =IF(G$3="","",IFERROR(LEFT(TRIM(INDEX(Forms貼り付け!$A:$AZ,4,G$3)),1),"")) | H5: =IF(H$3="","",IFERROR(LEFT(TRIM(INDEX(Forms貼り付け!$A:$AZ,4,H$3)),1),"")) | I5: =IF(I$3="","",IFERROR(LEFT(TRIM(INDEX(Forms貼り付け!$A:$AZ,4,I$3)),1),"")) | J5: =IF(J$3="","",IFERROR(LEFT(TRIM(INDEX(Forms貼り付け!$A:$AZ,4,J$3)),1),"")) | K5: =IF(K$3="","",IFERROR(LEFT(TRIM(INDEX(Forms貼り付け!$A:$AZ,4,K$3)),1),"")) | L5: =IF(L$3="","",IFERROR(LEFT(TRIM(INDEX(Forms貼り付け!$A:$AZ,4,L$3)),1),"")) | M5: =IF(M$3="","",IFERROR(LEFT(TRIM(INDEX(Forms貼り付け!$A:$AZ,4,M$3)),1),"")) | ... BC5: =IF(BC$3="","",IFERROR(LEFT(TRIM(INDEX(Forms貼り付け!$A:$AZ,4,BC$3)),1),""))
A6: U002 | B6: =IF($B$3="","",INDEX(Forms貼り付け!$A:$AZ,5,$B$3)) | C6: =IF($C$3="","",INDEX(Forms貼り付け!$A:$AZ,5,$C$3)) | D6: =IF($D$3="","",INDEX(Forms貼り付け!$A:$AZ,5,$D$3)) | E6: =IF($E$3="","",INDEX(Forms貼り付け!$A:$AZ,5,$E$3)) | F6: =IF(F$3="","",IFERROR(LEFT(TRIM(INDEX(Forms貼り付け!$A:$AZ,5,F$3)),1),"")) | G6: =IF(G$3="","",IFERROR(LEFT(TRIM(INDEX(Forms貼り付け!$A:$AZ,5,G$3)),1),"")) | H6: =IF(H$3="","",IFERROR(LEFT(TRIM(INDEX(Forms貼り付け!$A:$AZ,5,H$3)),1),"")) | I6: =IF(I$3="","",IFERROR(LEFT(TRIM(INDEX(Forms貼り付け!$A:$AZ,5,I$3)),1),"")) | J6: =IF(J$3="","",IFERROR(LEFT(TRIM(INDEX(Forms貼り付け!$A:$AZ,5,J$3)),1),"")) | K6: =IF(K$3="","",IFERROR(LEFT(TRIM(INDEX(Forms貼り付け!$A:$AZ,5,K$3)),1),"")) | L6: =IF(L$3="","",IFERROR(LEFT(TRIM(INDEX(Forms貼り付け!$A:$AZ,5,L$3)),1),"")) | M6: =IF(M$3="","",IFERROR(LEFT(TRIM(INDEX(Forms貼り付け!$A:$AZ,5,M$3)),1),"")) | ... BC6: =IF(BC$3="","",IFERROR(LEFT(TRIM(INDEX(Forms貼り付け!$A:$AZ,5,BC$3)),1),""))
A7: U003 | B7: =IF($B$3="","",INDEX(Forms貼り付け!$A:$AZ,6,$B$3)) | C7: =IF($C$3="","",INDEX(Forms貼り付け!$A:$AZ,6,$C$3)) | D7: =IF($D$3="","",INDEX(Forms貼り付け!$A:$AZ,6,$D$3)) | E7: =IF($E$3="","",INDEX(Forms貼り付け!$A:$AZ,6,$E$3)) | F7: =IF(F$3="","",IFERROR(LEFT(TRIM(INDEX(Forms貼り付け!$A:$AZ,6,F$3)),1),"")) | G7: =IF(G$3="","",IFERROR(LEFT(TRIM(INDEX(Forms貼り付け!$A:$AZ,6,G$3)),1),"")) | H7: =IF(H$3="","",IFERROR(LEFT(TRIM(INDEX(Forms貼り付け!$A:$AZ,6,H$3)),1),"")) | I7: =IF(I$3="","",IFERROR(LEFT(TRIM(INDEX(Forms貼り付け!$A:$AZ,6,I$3)),1),"")) | J7: =IF(J$3="","",IFERROR(LEFT(TRIM(INDEX(Forms貼り付け!$A:$AZ,6,J$3)),1),"")) | K7: =IF(K$3="","",IFERROR(LEFT(TRIM(INDEX(Forms貼り付け!$A:$AZ,6,K$3)),1),"")) | L7: =IF(L$3="","",IFERROR(LEFT(TRIM(INDEX(Forms貼り付け!$A:$AZ,6,L$3)),1),"")) | M7: =IF(M$3="","",IFERROR(LEFT(TRIM(INDEX(Forms貼り付け!$A:$AZ,6,M$3)),1),"")) | ... BC7: =IF(BC$3="","",IFERROR(LEFT(TRIM(INDEX(Forms貼り付け!$A:$AZ,6,BC$3)),1),""))
A8: U004 | B8: =IF($B$3="","",INDEX(Forms貼り付け!$A:$AZ,7,$B$3)) | C8: =IF($C$3="","",INDEX(Forms貼り付け!$A:$AZ,7,$C$3)) | D8: =IF($D$3="","",INDEX(Forms貼り付け!$A:$AZ,7,$D$3)) | E8: =IF($E$3="","",INDEX(Forms貼り付け!$A:$AZ,7,$E$3)) | F8: =IF(F$3="","",IFERROR(LEFT(TRIM(INDEX(Forms貼り付け!$A:$AZ,7,F$3)),1),"")) | G8: =IF(G$3="","",IFERROR(LEFT(TRIM(INDEX(Forms貼り付け!$A:$AZ,7,G$3)),1),"")) | H8: =IF(H$3="","",IFERROR(LEFT(TRIM(INDEX(Forms貼り付け!$A:$AZ,7,H$3)),1),"")) | I8: =IF(I$3="","",IFERROR(LEFT(TRIM(INDEX(Forms貼り付け!$A:$AZ,7,I$3)),1),"")) | J8: =IF(J$3="","",IFERROR(LEFT(TRIM(INDEX(Forms貼り付け!$A:$AZ,7,J$3)),1),"")) | K8: =IF(K$3="","",IFERROR(LEFT(TRIM(INDEX(Forms貼り付け!$A:$AZ,7,K$3)),1),"")) | L8: =IF(L$3="","",IFERROR(LEFT(TRIM(INDEX(Forms貼り付け!$A:$AZ,7,L$3)),1),"")) | M8: =IF(M$3="","",IFERROR(LEFT(TRIM(INDEX(Forms貼り付け!$A:$AZ,7,M$3)),1),"")) | ... BC8: =IF(BC$3="","",IFERROR(LEFT(TRIM(INDEX(Forms貼り付け!$A:$AZ,7,BC$3)),1),""))
A9: U005 | B9: =IF($B$3="","",INDEX(Forms貼り付け!$A:$AZ,8,$B$3)) | C9: =IF($C$3="","",INDEX(Forms貼り付け!$A:$AZ,8,$C$3)) | D9: =IF($D$3="","",INDEX(Forms貼り付け!$A:$AZ,8,$D$3)) | E9: =IF($E$3="","",INDEX(Forms貼り付け!$A:$AZ,8,$E$3)) | F9: =IF(F$3="","",IFERROR(LEFT(TRIM(INDEX(Forms貼り付け!$A:$AZ,8,F$3)),1),"")) | G9: =IF(G$3="","",IFERROR(LEFT(TRIM(INDEX(Forms貼り付け!$A:$AZ,8,G$3)),1),"")) | H9: =IF(H$3="","",IFERROR(LEFT(TRIM(INDEX(Forms貼り付け!$A:$AZ,8,H$3)),1),"")) | I9: =IF(I$3="","",IFERROR(LEFT(TRIM(INDEX(Forms貼り付け!$A:$AZ,8,I$3)),1),"")) | J9: =IF(J$3="","",IFERROR(LEFT(TRIM(INDEX(Forms貼り付け!$A:$AZ,8,J$3)),1),"")) | K9: =IF(K$3="","",IFERROR(LEFT(TRIM(INDEX(Forms貼り付け!$A:$AZ,8,K$3)),1),"")) | L9: =IF(L$3="","",IFERROR(LEFT(TRIM(INDEX(Forms貼り付け!$A:$AZ,8,L$3)),1),"")) | M9: =IF(M$3="","",IFERROR(LEFT(TRIM(INDEX(Forms貼り付け!$A:$AZ,8,M$3)),1),"")) | ... BC9: =IF(BC$3="","",IFERROR(LEFT(TRIM(INDEX(Forms貼り付け!$A:$AZ,8,BC$3)),1),""))
A10: U006 | B10: =IF($B$3="","",INDEX(Forms貼り付け!$A:$AZ,9,$B$3)) | C10: =IF($C$3="","",INDEX(Forms貼り付け!$A:$AZ,9,$C$3)) | D10: =IF($D$3="","",INDEX(Forms貼り付け!$A:$AZ,9,$D$3)) | E10: =IF($E$3="","",INDEX(Forms貼り付け!$A:$AZ,9,$E$3)) | F10: =IF(F$3="","",IFERROR(LEFT(TRIM(INDEX(Forms貼り付け!$A:$AZ,9,F$3)),1),"")) | G10: =IF(G$3="","",IFERROR(LEFT(TRIM(INDEX(Forms貼り付け!$A:$AZ,9,G$3)),1),"")) | H10: =IF(H$3="","",IFERROR(LEFT(TRIM(INDEX(Forms貼り付け!$A:$AZ,9,H$3)),1),"")) | I10: =IF(I$3="","",IFERROR(LEFT(TRIM(INDEX(Forms貼り付け!$A:$AZ,9,I$3)),1),"")) | J10: =IF(J$3="","",IFERROR(LEFT(TRIM(INDEX(Forms貼り付け!$A:$AZ,9,J$3)),1),"")) | K10: =IF(K$3="","",IFERROR(LEFT(TRIM(INDEX(Forms貼り付け!$A:$AZ,9,K$3)),1),"")) | L10: =IF(L$3="","",IFERROR(LEFT(TRIM(INDEX(Forms貼り付け!$A:$AZ,9,L$3)),1),"")) | M10: =IF(M$3="","",IFERROR(LEFT(TRIM(INDEX(Forms貼り付け!$A:$AZ,9,M$3)),1),"")) | ... BC10: =IF(BC$3="","",IFERROR(LEFT(TRIM(INDEX(Forms貼り付け!$A:$AZ,9,BC$3)),1),""))
A11: U007 | B11: =IF($B$3="","",INDEX(Forms貼り付け!$A:$AZ,10,$B$3)) | C11: =IF($C$3="","",INDEX(Forms貼り付け!$A:$AZ,10,$C$3)) | D11: =IF($D$3="","",INDEX(Forms貼り付け!$A:$AZ,10,$D$3)) | E11: =IF($E$3="","",INDEX(Forms貼り付け!$A:$AZ,10,$E$3)) | F11: =IF(F$3="","",IFERROR(LEFT(TRIM(INDEX(Forms貼り付け!$A:$AZ,10,F$3)),1),"")) | G11: =IF(G$3="","",IFERROR(LEFT(TRIM(INDEX(Forms貼り付け!$A:$AZ,10,G$3)),1),"")) | H11: =IF(H$3="","",IFERROR(LEFT(TRIM(INDEX(Forms貼り付け!$A:$AZ,10,H$3)),1),"")) | I11: =IF(I$3="","",IFERROR(LEFT(TRIM(INDEX(Forms貼り付け!$A:$AZ,10,I$3)),1),"")) | J11: =IF(J$3="","",IFERROR(LEFT(TRIM(INDEX(Forms貼り付け!$A:$AZ,10,J$3)),1),"")) | K11: =IF(K$3="","",IFERROR(LEFT(TRIM(INDEX(Forms貼り付け!$A:$AZ,10,K$3)),1),"")) | L11: =IF(L$3="","",IFERROR(LEFT(TRIM(INDEX(Forms貼り付け!$A:$AZ,10,L$3)),1),"")) | M11: =IF(M$3="","",IFERROR(LEFT(TRIM(INDEX(Forms貼り付け!$A:$AZ,10,M$3)),1),"")) | ... BC11: =IF(BC$3="","",IFERROR(LEFT(TRIM(INDEX(Forms貼り付け!$A:$AZ,10,BC$3)),1),""))
A12: U008 | B12: =IF($B$3="","",INDEX(Forms貼り付け!$A:$AZ,11,$B$3)) | C12: =IF($C$3="","",INDEX(Forms貼り付け!$A:$AZ,11,$C$3)) | D12: =IF($D$3="","",INDEX(Forms貼り付け!$A:$AZ,11,$D$3)) | E12: =IF($E$3="","",INDEX(Forms貼り付け!$A:$AZ,11,$E$3)) | F12: =IF(F$3="","",IFERROR(LEFT(TRIM(INDEX(Forms貼り付け!$A:$AZ,11,F$3)),1),"")) | G12: =IF(G$3="","",IFERROR(LEFT(TRIM(INDEX(Forms貼り付け!$A:$AZ,11,G$3)),1),"")) | H12: =IF(H$3="","",IFERROR(LEFT(TRIM(INDEX(Forms貼り付け!$A:$AZ,11,H$3)),1),"")) | I12: =IF(I$3="","",IFERROR(LEFT(TRIM(INDEX(Forms貼り付け!$A:$AZ,11,I$3)),1),"")) | J12: =IF(J$3="","",IFERROR(LEFT(TRIM(INDEX(Forms貼り付け!$A:$AZ,11,J$3)),1),"")) | K12: =IF(K$3="","",IFERROR(LEFT(TRIM(INDEX(Forms貼り付け!$A:$AZ,11,K$3)),1),"")) | L12: =IF(L$3="","",IFERROR(LEFT(TRIM(INDEX(Forms貼り付け!$A:$AZ,11,L$3)),1),"")) | M12: =IF(M$3="","",IFERROR(LEFT(TRIM(INDEX(Forms貼り付け!$A:$AZ,11,M$3)),1),"")) | ... BC12: =IF(BC$3="","",IFERROR(LEFT(TRIM(INDEX(Forms貼り付け!$A:$AZ,11,BC$3)),1),""))
A13: U009 | B13: =IF($B$3="","",INDEX(Forms貼り付け!$A:$AZ,12,$B$3)) | C13: =IF($C$3="","",INDEX(Forms貼り付け!$A:$AZ,12,$C$3)) | D13: =IF($D$3="","",INDEX(Forms貼り付け!$A:$AZ,12,$D$3)) | E13: =IF($E$3="","",INDEX(Forms貼り付け!$A:$AZ,12,$E$3)) | F13: =IF(F$3="","",IFERROR(LEFT(TRIM(INDEX(Forms貼り付け!$A:$AZ,12,F$3)),1),"")) | G13: =IF(G$3="","",IFERROR(LEFT(TRIM(INDEX(Forms貼り付け!$A:$AZ,12,G$3)),1),"")) | H13: =IF(H$3="","",IFERROR(LEFT(TRIM(INDEX(Forms貼り付け!$A:$AZ,12,H$3)),1),"")) | I13: =IF(I$3="","",IFERROR(LEFT(TRIM(INDEX(Forms貼り付け!$A:$AZ,12,I$3)),1),"")) | J13: =IF(J$3="","",IFERROR(LEFT(TRIM(INDEX(Forms貼り付け!$A:$AZ,12,J$3)),1),"")) | K13: =IF(K$3="","",IFERROR(LEFT(TRIM(INDEX(Forms貼り付け!$A:$AZ,12,K$3)),1),"")) | L13: =IF(L$3="","",IFERROR(LEFT(TRIM(INDEX(Forms貼り付け!$A:$AZ,12,L$3)),1),"")) | M13: =IF(M$3="","",IFERROR(LEFT(TRIM(INDEX(Forms貼り付け!$A:$AZ,12,M$3)),1),"")) | ... BC13: =IF(BC$3="","",IFERROR(LEFT(TRIM(INDEX(Forms貼り付け!$A:$AZ,12,BC$3)),1),""))
A14: U010 | B14: =IF($B$3="","",INDEX(Forms貼り付け!$A:$AZ,13,$B$3)) | C14: =IF($C$3="","",INDEX(Forms貼り付け!$A:$AZ,13,$C$3)) | D14: =IF($D$3="","",INDEX(Forms貼り付け!$A:$AZ,13,$D$3)) | E14: =IF($E$3="","",INDEX(Forms貼り付け!$A:$AZ,13,$E$3)) | F14: =IF(F$3="","",IFERROR(LEFT(TRIM(INDEX(Forms貼り付け!$A:$AZ,13,F$3)),1),"")) | G14: =IF(G$3="","",IFERROR(LEFT(TRIM(INDEX(Forms貼り付け!$A:$AZ,13,G$3)),1),"")) | H14: =IF(H$3="","",IFERROR(LEFT(TRIM(INDEX(Forms貼り付け!$A:$AZ,13,H$3)),1),"")) | I14: =IF(I$3="","",IFERROR(LEFT(TRIM(INDEX(Forms貼り付け!$A:$AZ,13,I$3)),1),"")) | J14: =IF(J$3="","",IFERROR(LEFT(TRIM(INDEX(Forms貼り付け!$A:$AZ,13,J$3)),1),"")) | K14: =IF(K$3="","",IFERROR(LEFT(TRIM(INDEX(Forms貼り付け!$A:$AZ,13,K$3)),1),"")) | L14: =IF(L$3="","",IFERROR(LEFT(TRIM(INDEX(Forms貼り付け!$A:$AZ,13,L$3)),1),"")) | M14: =IF(M$3="","",IFERROR(LEFT(TRIM(INDEX(Forms貼り付け!$A:$AZ,13,M$3)),1),"")) | ... BC14: =IF(BC$3="","",IFERROR(LEFT(TRIM(INDEX(Forms貼り付け!$A:$AZ,13,BC$3)),1),""))
A15: U011 | B15: =IF($B$3="","",INDEX(Forms貼り付け!$A:$AZ,14,$B$3)) | C15: =IF($C$3="","",INDEX(Forms貼り付け!$A:$AZ,14,$C$3)) | D15: =IF($D$3="","",INDEX(Forms貼り付け!$A:$AZ,14,$D$3)) | E15: =IF($E$3="","",INDEX(Forms貼り付け!$A:$AZ,14,$E$3)) | F15: =IF(F$3="","",IFERROR(LEFT(TRIM(INDEX(Forms貼り付け!$A:$AZ,14,F$3)),1),"")) | G15: =IF(G$3="","",IFERROR(LEFT(TRIM(INDEX(Forms貼り付け!$A:$AZ,14,G$3)),1),"")) | H15: =IF(H$3="","",IFERROR(LEFT(TRIM(INDEX(Forms貼り付け!$A:$AZ,14,H$3)),1),"")) | I15: =IF(I$3="","",IFERROR(LEFT(TRIM(INDEX(Forms貼り付け!$A:$AZ,14,I$3)),1),"")) | J15: =IF(J$3="","",IFERROR(LEFT(TRIM(INDEX(Forms貼り付け!$A:$AZ,14,J$3)),1),"")) | K15: =IF(K$3="","",IFERROR(LEFT(TRIM(INDEX(Forms貼り付け!$A:$AZ,14,K$3)),1),"")) | L15: =IF(L$3="","",IFERROR(LEFT(TRIM(INDEX(Forms貼り付け!$A:$AZ,14,L$3)),1),"")) | M15: =IF(M$3="","",IFERROR(LEFT(TRIM(INDEX(Forms貼り付け!$A:$AZ,14,M$3)),1),"")) | ... BC15: =IF(BC$3="","",IFERROR(LEFT(TRIM(INDEX(Forms貼り付け!$A:$AZ,14,BC$3)),1),""))
A16: U012 | B16: =IF($B$3="","",INDEX(Forms貼り付け!$A:$AZ,15,$B$3)) | C16: =IF($C$3="","",INDEX(Forms貼り付け!$A:$AZ,15,$C$3)) | D16: =IF($D$3="","",INDEX(Forms貼り付け!$A:$AZ,15,$D$3)) | E16: =IF($E$3="","",INDEX(Forms貼り付け!$A:$AZ,15,$E$3)) | F16: =IF(F$3="","",IFERROR(LEFT(TRIM(INDEX(Forms貼り付け!$A:$AZ,15,F$3)),1),"")) | G16: =IF(G$3="","",IFERROR(LEFT(TRIM(INDEX(Forms貼り付け!$A:$AZ,15,G$3)),1),"")) | H16: =IF(H$3="","",IFERROR(LEFT(TRIM(INDEX(Forms貼り付け!$A:$AZ,15,H$3)),1),"")) | I16: =IF(I$3="","",IFERROR(LEFT(TRIM(INDEX(Forms貼り付け!$A:$AZ,15,I$3)),1),"")) | J16: =IF(J$3="","",IFERROR(LEFT(TRIM(INDEX(Forms貼り付け!$A:$AZ,15,J$3)),1),"")) | K16: =IF(K$3="","",IFERROR(LEFT(TRIM(INDEX(Forms貼り付け!$A:$AZ,15,K$3)),1),"")) | L16: =IF(L$3="","",IFERROR(LEFT(TRIM(INDEX(Forms貼り付け!$A:$AZ,15,L$3)),1),"")) | M16: =IF(M$3="","",IFERROR(LEFT(TRIM(INDEX(Forms貼り付け!$A:$AZ,15,M$3)),1),"")) | ... BC16: =IF(BC$3="","",IFERROR(LEFT(TRIM(INDEX(Forms貼り付け!$A:$AZ,15,BC$3)),1),""))
A17: U013 | B17: =IF($B$3="","",INDEX(Forms貼り付け!$A:$AZ,16,$B$3)) | C17: =IF($C$3="","",INDEX(Forms貼り付け!$A:$AZ,16,$C$3)) | D17: =IF($D$3="","",INDEX(Forms貼り付け!$A:$AZ,16,$D$3)) | E17: =IF($E$3="","",INDEX(Forms貼り付け!$A:$AZ,16,$E$3)) | F17: =IF(F$3="","",IFERROR(LEFT(TRIM(INDEX(Forms貼り付け!$A:$AZ,16,F$3)),1),"")) | G17: =IF(G$3="","",IFERROR(LEFT(TRIM(INDEX(Forms貼り付け!$A:$AZ,16,G$3)),1),"")) | H17: =IF(H$3="","",IFERROR(LEFT(TRIM(INDEX(Forms貼り付け!$A:$AZ,16,H$3)),1),"")) | I17: =IF(I$3="","",IFERROR(LEFT(TRIM(INDEX(Forms貼り付け!$A:$AZ,16,I$3)),1),"")) | J17: =IF(J$3="","",IFERROR(LEFT(TRIM(INDEX(Forms貼り付け!$A:$AZ,16,J$3)),1),"")) | K17: =IF(K$3="","",IFERROR(LEFT(TRIM(INDEX(Forms貼り付け!$A:$AZ,16,K$3)),1),"")) | L17: =IF(L$3="","",IFERROR(LEFT(TRIM(INDEX(Forms貼り付け!$A:$AZ,16,L$3)),1),"")) | M17: =IF(M$3="","",IFERROR(LEFT(TRIM(INDEX(Forms貼り付け!$A:$AZ,16,M$3)),1),"")) | ... BC17: =IF(BC$3="","",IFERROR(LEFT(TRIM(INDEX(Forms貼り付け!$A:$AZ,16,BC$3)),1),""))
A18: U014 | B18: =IF($B$3="","",INDEX(Forms貼り付け!$A:$AZ,17,$B$3)) | C18: =IF($C$3="","",INDEX(Forms貼り付け!$A:$AZ,17,$C$3)) | D18: =IF($D$3="","",INDEX(Forms貼り付け!$A:$AZ,17,$D$3)) | E18: =IF($E$3="","",INDEX(Forms貼り付け!$A:$AZ,17,$E$3)) | F18: =IF(F$3="","",IFERROR(LEFT(TRIM(INDEX(Forms貼り付け!$A:$AZ,17,F$3)),1),"")) | G18: =IF(G$3="","",IFERROR(LEFT(TRIM(INDEX(Forms貼り付け!$A:$AZ,17,G$3)),1),"")) | H18: =IF(H$3="","",IFERROR(LEFT(TRIM(INDEX(Forms貼り付け!$A:$AZ,17,H$3)),1),"")) | I18: =IF(I$3="","",IFERROR(LEFT(TRIM(INDEX(Forms貼り付け!$A:$AZ,17,I$3)),1),"")) | J18: =IF(J$3="","",IFERROR(LEFT(TRIM(INDEX(Forms貼り付け!$A:$AZ,17,J$3)),1),"")) | K18: =IF(K$3="","",IFERROR(LEFT(TRIM(INDEX(Forms貼り付け!$A:$AZ,17,K$3)),1),"")) | L18: =IF(L$3="","",IFERROR(LEFT(TRIM(INDEX(Forms貼り付け!$A:$AZ,17,L$3)),1),"")) | M18: =IF(M$3="","",IFERROR(LEFT(TRIM(INDEX(Forms貼り付け!$A:$AZ,17,M$3)),1),"")) | ... BC18: =IF(BC$3="","",IFERROR(LEFT(TRIM(INDEX(Forms貼り付け!$A:$AZ,17,BC$3)),1),""))
A19: U015 | B19: =IF($B$3="","",INDEX(Forms貼り付け!$A:$AZ,18,$B$3)) | C19: =IF($C$3="","",INDEX(Forms貼り付け!$A:$AZ,18,$C$3)) | D19: =IF($D$3="","",INDEX(Forms貼り付け!$A:$AZ,18,$D$3)) | E19: =IF($E$3="","",INDEX(Forms貼り付け!$A:$AZ,18,$E$3)) | F19: =IF(F$3="","",IFERROR(LEFT(TRIM(INDEX(Forms貼り付け!$A:$AZ,18,F$3)),1),"")) | G19: =IF(G$3="","",IFERROR(LEFT(TRIM(INDEX(Forms貼り付け!$A:$AZ,18,G$3)),1),"")) | H19: =IF(H$3="","",IFERROR(LEFT(TRIM(INDEX(Forms貼り付け!$A:$AZ,18,H$3)),1),"")) | I19: =IF(I$3="","",IFERROR(LEFT(TRIM(INDEX(Forms貼り付け!$A:$AZ,18,I$3)),1),"")) | J19: =IF(J$3="","",IFERROR(LEFT(TRIM(INDEX(Forms貼り付け!$A:$AZ,18,J$3)),1),"")) | K19: =IF(K$3="","",IFERROR(LEFT(TRIM(INDEX(Forms貼り付け!$A:$AZ,18,K$3)),1),"")) | L19: =IF(L$3="","",IFERROR(LEFT(TRIM(INDEX(Forms貼り付け!$A:$AZ,18,L$3)),1),"")) | M19: =IF(M$3="","",IFERROR(LEFT(TRIM(INDEX(Forms貼り付け!$A:$AZ,18,M$3)),1),"")) | ... BC19: =IF(BC$3="","",IFERROR(LEFT(TRIM(INDEX(Forms貼り付け!$A:$AZ,18,BC$3)),1),""))
A20: U016 | B20: =IF($B$3="","",INDEX(Forms貼り付け!$A:$AZ,19,$B$3)) | C20: =IF($C$3="","",INDEX(Forms貼り付け!$A:$AZ,19,$C$3)) | D20: =IF($D$3="","",INDEX(Forms貼り付け!$A:$AZ,19,$D$3)) | E20: =IF($E$3="","",INDEX(Forms貼り付け!$A:$AZ,19,$E$3)) | F20: =IF(F$3="","",IFERROR(LEFT(TRIM(INDEX(Forms貼り付け!$A:$AZ,19,F$3)),1),"")) | G20: =IF(G$3="","",IFERROR(LEFT(TRIM(INDEX(Forms貼り付け!$A:$AZ,19,G$3)),1),"")) | H20: =IF(H$3="","",IFERROR(LEFT(TRIM(INDEX(Forms貼り付け!$A:$AZ,19,H$3)),1),"")) | I20: =IF(I$3="","",IFERROR(LEFT(TRIM(INDEX(Forms貼り付け!$A:$AZ,19,I$3)),1),"")) | J20: =IF(J$3="","",IFERROR(LEFT(TRIM(INDEX(Forms貼り付け!$A:$AZ,19,J$3)),1),"")) | K20: =IF(K$3="","",IFERROR(LEFT(TRIM(INDEX(Forms貼り付け!$A:$AZ,19,K$3)),1),"")) | L20: =IF(L$3="","",IFERROR(LEFT(TRIM(INDEX(Forms貼り付け!$A:$AZ,19,L$3)),1),"")) | M20: =IF(M$3="","",IFERROR(LEFT(TRIM(INDEX(Forms貼り付け!$A:$AZ,19,M$3)),1),"")) | ... BC20: =IF(BC$3="","",IFERROR(LEFT(TRIM(INDEX(Forms貼り付け!$A:$AZ,19,BC$3)),1),""))
A21: U017 | B21: =IF($B$3="","",INDEX(Forms貼り付け!$A:$AZ,20,$B$3)) | C21: =IF($C$3="","",INDEX(Forms貼り付け!$A:$AZ,20,$C$3)) | D21: =IF($D$3="","",INDEX(Forms貼り付け!$A:$AZ,20,$D$3)) | E21: =IF($E$3="","",INDEX(Forms貼り付け!$A:$AZ,20,$E$3)) | F21: =IF(F$3="","",IFERROR(LEFT(TRIM(INDEX(Forms貼り付け!$A:$AZ,20,F$3)),1),"")) | G21: =IF(G$3="","",IFERROR(LEFT(TRIM(INDEX(Forms貼り付け!$A:$AZ,20,G$3)),1),"")) | H21: =IF(H$3="","",IFERROR(LEFT(TRIM(INDEX(Forms貼り付け!$A:$AZ,20,H$3)),1),"")) | I21: =IF(I$3="","",IFERROR(LEFT(TRIM(INDEX(Forms貼り付け!$A:$AZ,20,I$3)),1),"")) | J21: =IF(J$3="","",IFERROR(LEFT(TRIM(INDEX(Forms貼り付け!$A:$AZ,20,J$3)),1),"")) | K21: =IF(K$3="","",IFERROR(LEFT(TRIM(INDEX(Forms貼り付け!$A:$AZ,20,K$3)),1),"")) | L21: =IF(L$3="","",IFERROR(LEFT(TRIM(INDEX(Forms貼り付け!$A:$AZ,20,L$3)),1),"")) | M21: =IF(M$3="","",IFERROR(LEFT(TRIM(INDEX(Forms貼り付け!$A:$AZ,20,M$3)),1),"")) | ... BC21: =IF(BC$3="","",IFERROR(LEFT(TRIM(INDEX(Forms貼り付け!$A:$AZ,20,BC$3)),1),""))
A22: U018 | B22: =IF($B$3="","",INDEX(Forms貼り付け!$A:$AZ,21,$B$3)) | C22: =IF($C$3="","",INDEX(Forms貼り付け!$A:$AZ,21,$C$3)) | D22: =IF($D$3="","",INDEX(Forms貼り付け!$A:$AZ,21,$D$3)) | E22: =IF($E$3="","",INDEX(Forms貼り付け!$A:$AZ,21,$E$3)) | F22: =IF(F$3="","",IFERROR(LEFT(TRIM(INDEX(Forms貼り付け!$A:$AZ,21,F$3)),1),"")) | G22: =IF(G$3="","",IFERROR(LEFT(TRIM(INDEX(Forms貼り付け!$A:$AZ,21,G$3)),1),"")) | H22: =IF(H$3="","",IFERROR(LEFT(TRIM(INDEX(Forms貼り付け!$A:$AZ,21,H$3)),1),"")) | I22: =IF(I$3="","",IFERROR(LEFT(TRIM(INDEX(Forms貼り付け!$A:$AZ,21,I$3)),1),"")) | J22: =IF(J$3="","",IFERROR(LEFT(TRIM(INDEX(Forms貼り付け!$A:$AZ,21,J$3)),1),"")) | K22: =IF(K$3="","",IFERROR(LEFT(TRIM(INDEX(Forms貼り付け!$A:$AZ,21,K$3)),1),"")) | L22: =IF(L$3="","",IFERROR(LEFT(TRIM(INDEX(Forms貼り付け!$A:$AZ,21,L$3)),1),"")) | M22: =IF(M$3="","",IFERROR(LEFT(TRIM(INDEX(Forms貼り付け!$A:$AZ,21,M$3)),1),"")) | ... BC22: =IF(BC$3="","",IFERROR(LEFT(TRIM(INDEX(Forms貼り付け!$A:$AZ,21,BC$3)),1),""))
A23: U019 | B23: =IF($B$3="","",INDEX(Forms貼り付け!$A:$AZ,22,$B$3)) | C23: =IF($C$3="","",INDEX(Forms貼り付け!$A:$AZ,22,$C$3)) | D23: =IF($D$3="","",INDEX(Forms貼り付け!$A:$AZ,22,$D$3)) | E23: =IF($E$3="","",INDEX(Forms貼り付け!$A:$AZ,22,$E$3)) | F23: =IF(F$3="","",IFERROR(LEFT(TRIM(INDEX(Forms貼り付け!$A:$AZ,22,F$3)),1),"")) | G23: =IF(G$3="","",IFERROR(LEFT(TRIM(INDEX(Forms貼り付け!$A:$AZ,22,G$3)),1),"")) | H23: =IF(H$3="","",IFERROR(LEFT(TRIM(INDEX(Forms貼り付け!$A:$AZ,22,H$3)),1),"")) | I23: =IF(I$3="","",IFERROR(LEFT(TRIM(INDEX(Forms貼り付け!$A:$AZ,22,I$3)),1),"")) | J23: =IF(J$3="","",IFERROR(LEFT(TRIM(INDEX(Forms貼り付け!$A:$AZ,22,J$3)),1),"")) | K23: =IF(K$3="","",IFERROR(LEFT(TRIM(INDEX(Forms貼り付け!$A:$AZ,22,K$3)),1),"")) | L23: =IF(L$3="","",IFERROR(LEFT(TRIM(INDEX(Forms貼り付け!$A:$AZ,22,L$3)),1),"")) | M23: =IF(M$3="","",IFERROR(LEFT(TRIM(INDEX(Forms貼り付け!$A:$AZ,22,M$3)),1),"")) | ... BC23: =IF(BC$3="","",IFERROR(LEFT(TRIM(INDEX(Forms貼り付け!$A:$AZ,22,BC$3)),1),""))
A24: U020 | B24: =IF($B$3="","",INDEX(Forms貼り付け!$A:$AZ,23,$B$3)) | C24: =IF($C$3="","",INDEX(Forms貼り付け!$A:$AZ,23,$C$3)) | D24: =IF($D$3="","",INDEX(Forms貼り付け!$A:$AZ,23,$D$3)) | E24: =IF($E$3="","",INDEX(Forms貼り付け!$A:$AZ,23,$E$3)) | F24: =IF(F$3="","",IFERROR(LEFT(TRIM(INDEX(Forms貼り付け!$A:$AZ,23,F$3)),1),"")) | G24: =IF(G$3="","",IFERROR(LEFT(TRIM(INDEX(Forms貼り付け!$A:$AZ,23,G$3)),1),"")) | H24: =IF(H$3="","",IFERROR(LEFT(TRIM(INDEX(Forms貼り付け!$A:$AZ,23,H$3)),1),"")) | I24: =IF(I$3="","",IFERROR(LEFT(TRIM(INDEX(Forms貼り付け!$A:$AZ,23,I$3)),1),"")) | J24: =IF(J$3="","",IFERROR(LEFT(TRIM(INDEX(Forms貼り付け!$A:$AZ,23,J$3)),1),"")) | K24: =IF(K$3="","",IFERROR(LEFT(TRIM(INDEX(Forms貼り付け!$A:$AZ,23,K$3)),1),"")) | L24: =IF(L$3="","",IFERROR(LEFT(TRIM(INDEX(Forms貼り付け!$A:$AZ,23,L$3)),1),"")) | M24: =IF(M$3="","",IFERROR(LEFT(TRIM(INDEX(Forms貼り付け!$A:$AZ,23,M$3)),1),"")) | ... BC24: =IF(BC$3="","",IFERROR(LEFT(TRIM(INDEX(Forms貼り付け!$A:$AZ,23,BC$3)),1),""))
A25: U021 | B25: =IF($B$3="","",INDEX(Forms貼り付け!$A:$AZ,24,$B$3)) | C25: =IF($C$3="","",INDEX(Forms貼り付け!$A:$AZ,24,$C$3)) | D25: =IF($D$3="","",INDEX(Forms貼り付け!$A:$AZ,24,$D$3)) | E25: =IF($E$3="","",INDEX(Forms貼り付け!$A:$AZ,24,$E$3)) | F25: =IF(F$3="","",IFERROR(LEFT(TRIM(INDEX(Forms貼り付け!$A:$AZ,24,F$3)),1),"")) | G25: =IF(G$3="","",IFERROR(LEFT(TRIM(INDEX(Forms貼り付け!$A:$AZ,24,G$3)),1),"")) | H25: =IF(H$3="","",IFERROR(LEFT(TRIM(INDEX(Forms貼り付け!$A:$AZ,24,H$3)),1),"")) | I25: =IF(I$3="","",IFERROR(LEFT(TRIM(INDEX(Forms貼り付け!$A:$AZ,24,I$3)),1),"")) | J25: =IF(J$3="","",IFERROR(LEFT(TRIM(INDEX(Forms貼り付け!$A:$AZ,24,J$3)),1),"")) | K25: =IF(K$3="","",IFERROR(LEFT(TRIM(INDEX(Forms貼り付け!$A:$AZ,24,K$3)),1),"")) | L25: =IF(L$3="","",IFERROR(LEFT(TRIM(INDEX(Forms貼り付け!$A:$AZ,24,L$3)),1),"")) | M25: =IF(M$3="","",IFERROR(LEFT(TRIM(INDEX(Forms貼り付け!$A:$AZ,24,M$3)),1),"")) | ... BC25: =IF(BC$3="","",IFERROR(LEFT(TRIM(INDEX(Forms貼り付け!$A:$AZ,24,BC$3)),1),""))
A26: U022 | B26: =IF($B$3="","",INDEX(Forms貼り付け!$A:$AZ,25,$B$3)) | C26: =IF($C$3="","",INDEX(Forms貼り付け!$A:$AZ,25,$C$3)) | D26: =IF($D$3="","",INDEX(Forms貼り付け!$A:$AZ,25,$D$3)) | E26: =IF($E$3="","",INDEX(Forms貼り付け!$A:$AZ,25,$E$3)) | F26: =IF(F$3="","",IFERROR(LEFT(TRIM(INDEX(Forms貼り付け!$A:$AZ,25,F$3)),1),"")) | G26: =IF(G$3="","",IFERROR(LEFT(TRIM(INDEX(Forms貼り付け!$A:$AZ,25,G$3)),1),"")) | H26: =IF(H$3="","",IFERROR(LEFT(TRIM(INDEX(Forms貼り付け!$A:$AZ,25,H$3)),1),"")) | I26: =IF(I$3="","",IFERROR(LEFT(TRIM(INDEX(Forms貼り付け!$A:$AZ,25,I$3)),1),"")) | J26: =IF(J$3="","",IFERROR(LEFT(TRIM(INDEX(Forms貼り付け!$A:$AZ,25,J$3)),1),"")) | K26: =IF(K$3="","",IFERROR(LEFT(TRIM(INDEX(Forms貼り付け!$A:$AZ,25,K$3)),1),"")) | L26: =IF(L$3="","",IFERROR(LEFT(TRIM(INDEX(Forms貼り付け!$A:$AZ,25,L$3)),1),"")) | M26: =IF(M$3="","",IFERROR(LEFT(TRIM(INDEX(Forms貼り付け!$A:$AZ,25,M$3)),1),"")) | ... BC26: =IF(BC$3="","",IFERROR(LEFT(TRIM(INDEX(Forms貼り付け!$A:$AZ,25,BC$3)),1),""))
A27: U023 | B27: =IF($B$3="","",INDEX(Forms貼り付け!$A:$AZ,26,$B$3)) | C27: =IF($C$3="","",INDEX(Forms貼り付け!$A:$AZ,26,$C$3)) | D27: =IF($D$3="","",INDEX(Forms貼り付け!$A:$AZ,26,$D$3)) | E27: =IF($E$3="","",INDEX(Forms貼り付け!$A:$AZ,26,$E$3)) | F27: =IF(F$3="","",IFERROR(LEFT(TRIM(INDEX(Forms貼り付け!$A:$AZ,26,F$3)),1),"")) | G27: =IF(G$3="","",IFERROR(LEFT(TRIM(INDEX(Forms貼り付け!$A:$AZ,26,G$3)),1),"")) | H27: =IF(H$3="","",IFERROR(LEFT(TRIM(INDEX(Forms貼り付け!$A:$AZ,26,H$3)),1),"")) | I27: =IF(I$3="","",IFERROR(LEFT(TRIM(INDEX(Forms貼り付け!$A:$AZ,26,I$3)),1),"")) | J27: =IF(J$3="","",IFERROR(LEFT(TRIM(INDEX(Forms貼り付け!$A:$AZ,26,J$3)),1),"")) | K27: =IF(K$3="","",IFERROR(LEFT(TRIM(INDEX(Forms貼り付け!$A:$AZ,26,K$3)),1),"")) | L27: =IF(L$3="","",IFERROR(LEFT(TRIM(INDEX(Forms貼り付け!$A:$AZ,26,L$3)),1),"")) | M27: =IF(M$3="","",IFERROR(LEFT(TRIM(INDEX(Forms貼り付け!$A:$AZ,26,M$3)),1),"")) | ... BC27: =IF(BC$3="","",IFERROR(LEFT(TRIM(INDEX(Forms貼り付け!$A:$AZ,26,BC$3)),1),""))
A28: U024 | B28: =IF($B$3="","",INDEX(Forms貼り付け!$A:$AZ,27,$B$3)) | C28: =IF($C$3="","",INDEX(Forms貼り付け!$A:$AZ,27,$C$3)) | D28: =IF($D$3="","",INDEX(Forms貼り付け!$A:$AZ,27,$D$3)) | E28: =IF($E$3="","",INDEX(Forms貼り付け!$A:$AZ,27,$E$3)) | F28: =IF(F$3="","",IFERROR(LEFT(TRIM(INDEX(Forms貼り付け!$A:$AZ,27,F$3)),1),"")) | G28: =IF(G$3="","",IFERROR(LEFT(TRIM(INDEX(Forms貼り付け!$A:$AZ,27,G$3)),1),"")) | H28: =IF(H$3="","",IFERROR(LEFT(TRIM(INDEX(Forms貼り付け!$A:$AZ,27,H$3)),1),"")) | I28: =IF(I$3="","",IFERROR(LEFT(TRIM(INDEX(Forms貼り付け!$A:$AZ,27,I$3)),1),"")) | J28: =IF(J$3="","",IFERROR(LEFT(TRIM(INDEX(Forms貼り付け!$A:$AZ,27,J$3)),1),"")) | K28: =IF(K$3="","",IFERROR(LEFT(TRIM(INDEX(Forms貼り付け!$A:$AZ,27,K$3)),1),"")) | L28: =IF(L$3="","",IFERROR(LEFT(TRIM(INDEX(Forms貼り付け!$A:$AZ,27,L$3)),1),"")) | M28: =IF(M$3="","",IFERROR(LEFT(TRIM(INDEX(Forms貼り付け!$A:$AZ,27,M$3)),1),"")) | ... BC28: =IF(BC$3="","",IFERROR(LEFT(TRIM(INDEX(Forms貼り付け!$A:$AZ,27,BC$3)),1),""))
A29: U025 | B29: =IF($B$3="","",INDEX(Forms貼り付け!$A:$AZ,28,$B$3)) | C29: =IF($C$3="","",INDEX(Forms貼り付け!$A:$AZ,28,$C$3)) | D29: =IF($D$3="","",INDEX(Forms貼り付け!$A:$AZ,28,$D$3)) | E29: =IF($E$3="","",INDEX(Forms貼り付け!$A:$AZ,28,$E$3)) | F29: =IF(F$3="","",IFERROR(LEFT(TRIM(INDEX(Forms貼り付け!$A:$AZ,28,F$3)),1),"")) | G29: =IF(G$3="","",IFERROR(LEFT(TRIM(INDEX(Forms貼り付け!$A:$AZ,28,G$3)),1),"")) | H29: =IF(H$3="","",IFERROR(LEFT(TRIM(INDEX(Forms貼り付け!$A:$AZ,28,H$3)),1),"")) | I29: =IF(I$3="","",IFERROR(LEFT(TRIM(INDEX(Forms貼り付け!$A:$AZ,28,I$3)),1),"")) | J29: =IF(J$3="","",IFERROR(LEFT(TRIM(INDEX(Forms貼り付け!$A:$AZ,28,J$3)),1),"")) | K29: =IF(K$3="","",IFERROR(LEFT(TRIM(INDEX(Forms貼り付け!$A:$AZ,28,K$3)),1),"")) | L29: =IF(L$3="","",IFERROR(LEFT(TRIM(INDEX(Forms貼り付け!$A:$AZ,28,L$3)),1),"")) | M29: =IF(M$3="","",IFERROR(LEFT(TRIM(INDEX(Forms貼り付け!$A:$AZ,28,M$3)),1),"")) | ... BC29: =IF(BC$3="","",IFERROR(LEFT(TRIM(INDEX(Forms貼り付け!$A:$AZ,28,BC$3)),1),""))
A30: U026 | B30: =IF($B$3="","",INDEX(Forms貼り付け!$A:$AZ,29,$B$3)) | C30: =IF($C$3="","",INDEX(Forms貼り付け!$A:$AZ,29,$C$3)) | D30: =IF($D$3="","",INDEX(Forms貼り付け!$A:$AZ,29,$D$3)) | E30: =IF($E$3="","",INDEX(Forms貼り付け!$A:$AZ,29,$E$3)) | F30: =IF(F$3="","",IFERROR(LEFT(TRIM(INDEX(Forms貼り付け!$A:$AZ,29,F$3)),1),"")) | G30: =IF(G$3="","",IFERROR(LEFT(TRIM(INDEX(Forms貼り付け!$A:$AZ,29,G$3)),1),"")) | H30: =IF(H$3="","",IFERROR(LEFT(TRIM(INDEX(Forms貼り付け!$A:$AZ,29,H$3)),1),"")) | I30: =IF(I$3="","",IFERROR(LEFT(TRIM(INDEX(Forms貼り付け!$A:$AZ,29,I$3)),1),"")) | J30: =IF(J$3="","",IFERROR(LEFT(TRIM(INDEX(Forms貼り付け!$A:$AZ,29,J$3)),1),"")) | K30: =IF(K$3="","",IFERROR(LEFT(TRIM(INDEX(Forms貼り付け!$A:$AZ,29,K$3)),1),"")) | L30: =IF(L$3="","",IFERROR(LEFT(TRIM(INDEX(Forms貼り付け!$A:$AZ,29,L$3)),1),"")) | M30: =IF(M$3="","",IFERROR(LEFT(TRIM(INDEX(Forms貼り付け!$A:$AZ,29,M$3)),1),"")) | ... BC30: =IF(BC$3="","",IFERROR(LEFT(TRIM(INDEX(Forms貼り付け!$A:$AZ,29,BC$3)),1),""))
A31: U027 | B31: =IF($B$3="","",INDEX(Forms貼り付け!$A:$AZ,30,$B$3)) | C31: =IF($C$3="","",INDEX(Forms貼り付け!$A:$AZ,30,$C$3)) | D31: =IF($D$3="","",INDEX(Forms貼り付け!$A:$AZ,30,$D$3)) | E31: =IF($E$3="","",INDEX(Forms貼り付け!$A:$AZ,30,$E$3)) | F31: =IF(F$3="","",IFERROR(LEFT(TRIM(INDEX(Forms貼り付け!$A:$AZ,30,F$3)),1),"")) | G31: =IF(G$3="","",IFERROR(LEFT(TRIM(INDEX(Forms貼り付け!$A:$AZ,30,G$3)),1),"")) | H31: =IF(H$3="","",IFERROR(LEFT(TRIM(INDEX(Forms貼り付け!$A:$AZ,30,H$3)),1),"")) | I31: =IF(I$3="","",IFERROR(LEFT(TRIM(INDEX(Forms貼り付け!$A:$AZ,30,I$3)),1),"")) | J31: =IF(J$3="","",IFERROR(LEFT(TRIM(INDEX(Forms貼り付け!$A:$AZ,30,J$3)),1),"")) | K31: =IF(K$3="","",IFERROR(LEFT(TRIM(INDEX(Forms貼り付け!$A:$AZ,30,K$3)),1),"")) | L31: =IF(L$3="","",IFERROR(LEFT(TRIM(INDEX(Forms貼り付け!$A:$AZ,30,L$3)),1),"")) | M31: =IF(M$3="","",IFERROR(LEFT(TRIM(INDEX(Forms貼り付け!$A:$AZ,30,M$3)),1),"")) | ... BC31: =IF(BC$3="","",IFERROR(LEFT(TRIM(INDEX(Forms貼り付け!$A:$AZ,30,BC$3)),1),""))
A32: U028 | B32: =IF($B$3="","",INDEX(Forms貼り付け!$A:$AZ,31,$B$3)) | C32: =IF($C$3="","",INDEX(Forms貼り付け!$A:$AZ,31,$C$3)) | D32: =IF($D$3="","",INDEX(Forms貼り付け!$A:$AZ,31,$D$3)) | E32: =IF($E$3="","",INDEX(Forms貼り付け!$A:$AZ,31,$E$3)) | F32: =IF(F$3="","",IFERROR(LEFT(TRIM(INDEX(Forms貼り付け!$A:$AZ,31,F$3)),1),"")) | G32: =IF(G$3="","",IFERROR(LEFT(TRIM(INDEX(Forms貼り付け!$A:$AZ,31,G$3)),1),"")) | H32: =IF(H$3="","",IFERROR(LEFT(TRIM(INDEX(Forms貼り付け!$A:$AZ,31,H$3)),1),"")) | I32: =IF(I$3="","",IFERROR(LEFT(TRIM(INDEX(Forms貼り付け!$A:$AZ,31,I$3)),1),"")) | J32: =IF(J$3="","",IFERROR(LEFT(TRIM(INDEX(Forms貼り付け!$A:$AZ,31,J$3)),1),"")) | K32: =IF(K$3="","",IFERROR(LEFT(TRIM(INDEX(Forms貼り付け!$A:$AZ,31,K$3)),1),"")) | L32: =IF(L$3="","",IFERROR(LEFT(TRIM(INDEX(Forms貼り付け!$A:$AZ,31,L$3)),1),"")) | M32: =IF(M$3="","",IFERROR(LEFT(TRIM(INDEX(Forms貼り付け!$A:$AZ,31,M$3)),1),"")) | ... BC32: =IF(BC$3="","",IFERROR(LEFT(TRIM(INDEX(Forms貼り付け!$A:$AZ,31,BC$3)),1),""))
A33: U029 | B33: =IF($B$3="","",INDEX(Forms貼り付け!$A:$AZ,32,$B$3)) | C33: =IF($C$3="","",INDEX(Forms貼り付け!$A:$AZ,32,$C$3)) | D33: =IF($D$3="","",INDEX(Forms貼り付け!$A:$AZ,32,$D$3)) | E33: =IF($E$3="","",INDEX(Forms貼り付け!$A:$AZ,32,$E$3)) | F33: =IF(F$3="","",IFERROR(LEFT(TRIM(INDEX(Forms貼り付け!$A:$AZ,32,F$3)),1),"")) | G33: =IF(G$3="","",IFERROR(LEFT(TRIM(INDEX(Forms貼り付け!$A:$AZ,32,G$3)),1),"")) | H33: =IF(H$3="","",IFERROR(LEFT(TRIM(INDEX(Forms貼り付け!$A:$AZ,32,H$3)),1),"")) | I33: =IF(I$3="","",IFERROR(LEFT(TRIM(INDEX(Forms貼り付け!$A:$AZ,32,I$3)),1),"")) | J33: =IF(J$3="","",IFERROR(LEFT(TRIM(INDEX(Forms貼り付け!$A:$AZ,32,J$3)),1),"")) | K33: =IF(K$3="","",IFERROR(LEFT(TRIM(INDEX(Forms貼り付け!$A:$AZ,32,K$3)),1),"")) | L33: =IF(L$3="","",IFERROR(LEFT(TRIM(INDEX(Forms貼り付け!$A:$AZ,32,L$3)),1),"")) | M33: =IF(M$3="","",IFERROR(LEFT(TRIM(INDEX(Forms貼り付け!$A:$AZ,32,M$3)),1),"")) | ... BC33: =IF(BC$3="","",IFERROR(LEFT(TRIM(INDEX(Forms貼り付け!$A:$AZ,32,BC$3)),1),""))
A34: U030 | B34: =IF($B$3="","",INDEX(Forms貼り付け!$A:$AZ,33,$B$3)) | C34: =IF($C$3="","",INDEX(Forms貼り付け!$A:$AZ,33,$C$3)) | D34: =IF($D$3="","",INDEX(Forms貼り付け!$A:$AZ,33,$D$3)) | E34: =IF($E$3="","",INDEX(Forms貼り付け!$A:$AZ,33,$E$3)) | F34: =IF(F$3="","",IFERROR(LEFT(TRIM(INDEX(Forms貼り付け!$A:$AZ,33,F$3)),1),"")) | G34: =IF(G$3="","",IFERROR(LEFT(TRIM(INDEX(Forms貼り付け!$A:$AZ,33,G$3)),1),"")) | H34: =IF(H$3="","",IFERROR(LEFT(TRIM(INDEX(Forms貼り付け!$A:$AZ,33,H$3)),1),"")) | I34: =IF(I$3="","",IFERROR(LEFT(TRIM(INDEX(Forms貼り付け!$A:$AZ,33,I$3)),1),"")) | J34: =IF(J$3="","",IFERROR(LEFT(TRIM(INDEX(Forms貼り付け!$A:$AZ,33,J$3)),1),"")) | K34: =IF(K$3="","",IFERROR(LEFT(TRIM(INDEX(Forms貼り付け!$A:$AZ,33,K$3)),1),"")) | L34: =IF(L$3="","",IFERROR(LEFT(TRIM(INDEX(Forms貼り付け!$A:$AZ,33,L$3)),1),"")) | M34: =IF(M$3="","",IFERROR(LEFT(TRIM(INDEX(Forms貼り付け!$A:$AZ,33,M$3)),1),"")) | ... BC34: =IF(BC$3="","",IFERROR(LEFT(TRIM(INDEX(Forms貼り付け!$A:$AZ,33,BC$3)),1),""))
A35: U031 | B35: =IF($B$3="","",INDEX(Forms貼り付け!$A:$AZ,34,$B$3)) | C35: =IF($C$3="","",INDEX(Forms貼り付け!$A:$AZ,34,$C$3)) | D35: =IF($D$3="","",INDEX(Forms貼り付け!$A:$AZ,34,$D$3)) | E35: =IF($E$3="","",INDEX(Forms貼り付け!$A:$AZ,34,$E$3)) | F35: =IF(F$3="","",IFERROR(LEFT(TRIM(INDEX(Forms貼り付け!$A:$AZ,34,F$3)),1),"")) | G35: =IF(G$3="","",IFERROR(LEFT(TRIM(INDEX(Forms貼り付け!$A:$AZ,34,G$3)),1),"")) | H35: =IF(H$3="","",IFERROR(LEFT(TRIM(INDEX(Forms貼り付け!$A:$AZ,34,H$3)),1),"")) | I35: =IF(I$3="","",IFERROR(LEFT(TRIM(INDEX(Forms貼り付け!$A:$AZ,34,I$3)),1),"")) | J35: =IF(J$3="","",IFERROR(LEFT(TRIM(INDEX(Forms貼り付け!$A:$AZ,34,J$3)),1),"")) | K35: =IF(K$3="","",IFERROR(LEFT(TRIM(INDEX(Forms貼り付け!$A:$AZ,34,K$3)),1),"")) | L35: =IF(L$3="","",IFERROR(LEFT(TRIM(INDEX(Forms貼り付け!$A:$AZ,34,L$3)),1),"")) | M35: =IF(M$3="","",IFERROR(LEFT(TRIM(INDEX(Forms貼り付け!$A:$AZ,34,M$3)),1),"")) | ... BC35: =IF(BC$3="","",IFERROR(LEFT(TRIM(INDEX(Forms貼り付け!$A:$AZ,34,BC$3)),1),""))
A36: U032 | B36: =IF($B$3="","",INDEX(Forms貼り付け!$A:$AZ,35,$B$3)) | C36: =IF($C$3="","",INDEX(Forms貼り付け!$A:$AZ,35,$C$3)) | D36: =IF($D$3="","",INDEX(Forms貼り付け!$A:$AZ,35,$D$3)) | E36: =IF($E$3="","",INDEX(Forms貼り付け!$A:$AZ,35,$E$3)) | F36: =IF(F$3="","",IFERROR(LEFT(TRIM(INDEX(Forms貼り付け!$A:$AZ,35,F$3)),1),"")) | G36: =IF(G$3="","",IFERROR(LEFT(TRIM(INDEX(Forms貼り付け!$A:$AZ,35,G$3)),1),"")) | H36: =IF(H$3="","",IFERROR(LEFT(TRIM(INDEX(Forms貼り付け!$A:$AZ,35,H$3)),1),"")) | I36: =IF(I$3="","",IFERROR(LEFT(TRIM(INDEX(Forms貼り付け!$A:$AZ,35,I$3)),1),"")) | J36: =IF(J$3="","",IFERROR(LEFT(TRIM(INDEX(Forms貼り付け!$A:$AZ,35,J$3)),1),"")) | K36: =IF(K$3="","",IFERROR(LEFT(TRIM(INDEX(Forms貼り付け!$A:$AZ,35,K$3)),1),"")) | L36: =IF(L$3="","",IFERROR(LEFT(TRIM(INDEX(Forms貼り付け!$A:$AZ,35,L$3)),1),"")) | M36: =IF(M$3="","",IFERROR(LEFT(TRIM(INDEX(Forms貼り付け!$A:$AZ,35,M$3)),1),"")) | ... BC36: =IF(BC$3="","",IFERROR(LEFT(TRIM(INDEX(Forms貼り付け!$A:$AZ,35,BC$3)),1),""))
A37: U033 | B37: =IF($B$3="","",INDEX(Forms貼り付け!$A:$AZ,36,$B$3)) | C37: =IF($C$3="","",INDEX(Forms貼り付け!$A:$AZ,36,$C$3)) | D37: =IF($D$3="","",INDEX(Forms貼り付け!$A:$AZ,36,$D$3)) | E37: =IF($E$3="","",INDEX(Forms貼り付け!$A:$AZ,36,$E$3)) | F37: =IF(F$3="","",IFERROR(LEFT(TRIM(INDEX(Forms貼り付け!$A:$AZ,36,F$3)),1),"")) | G37: =IF(G$3="","",IFERROR(LEFT(TRIM(INDEX(Forms貼り付け!$A:$AZ,36,G$3)),1),"")) | H37: =IF(H$3="","",IFERROR(LEFT(TRIM(INDEX(Forms貼り付け!$A:$AZ,36,H$3)),1),"")) | I37: =IF(I$3="","",IFERROR(LEFT(TRIM(INDEX(Forms貼り付け!$A:$AZ,36,I$3)),1),"")) | J37: =IF(J$3="","",IFERROR(LEFT(TRIM(INDEX(Forms貼り付け!$A:$AZ,36,J$3)),1),"")) | K37: =IF(K$3="","",IFERROR(LEFT(TRIM(INDEX(Forms貼り付け!$A:$AZ,36,K$3)),1),"")) | L37: =IF(L$3="","",IFERROR(LEFT(TRIM(INDEX(Forms貼り付け!$A:$AZ,36,L$3)),1),"")) | M37: =IF(M$3="","",IFERROR(LEFT(TRIM(INDEX(Forms貼り付け!$A:$AZ,36,M$3)),1),"")) | ... BC37: =IF(BC$3="","",IFERROR(LEFT(TRIM(INDEX(Forms貼り付け!$A:$AZ,36,BC$3)),1),""))
A38: U034 | B38: =IF($B$3="","",INDEX(Forms貼り付け!$A:$AZ,37,$B$3)) | C38: =IF($C$3="","",INDEX(Forms貼り付け!$A:$AZ,37,$C$3)) | D38: =IF($D$3="","",INDEX(Forms貼り付け!$A:$AZ,37,$D$3)) | E38: =IF($E$3="","",INDEX(Forms貼り付け!$A:$AZ,37,$E$3)) | F38: =IF(F$3="","",IFERROR(LEFT(TRIM(INDEX(Forms貼り付け!$A:$AZ,37,F$3)),1),"")) | G38: =IF(G$3="","",IFERROR(LEFT(TRIM(INDEX(Forms貼り付け!$A:$AZ,37,G$3)),1),"")) | H38: =IF(H$3="","",IFERROR(LEFT(TRIM(INDEX(Forms貼り付け!$A:$AZ,37,H$3)),1),"")) | I38: =IF(I$3="","",IFERROR(LEFT(TRIM(INDEX(Forms貼り付け!$A:$AZ,37,I$3)),1),"")) | J38: =IF(J$3="","",IFERROR(LEFT(TRIM(INDEX(Forms貼り付け!$A:$AZ,37,J$3)),1),"")) | K38: =IF(K$3="","",IFERROR(LEFT(TRIM(INDEX(Forms貼り付け!$A:$AZ,37,K$3)),1),"")) | L38: =IF(L$3="","",IFERROR(LEFT(TRIM(INDEX(Forms貼り付け!$A:$AZ,37,L$3)),1),"")) | M38: =IF(M$3="","",IFERROR(LEFT(TRIM(INDEX(Forms貼り付け!$A:$AZ,37,M$3)),1),"")) | ... BC38: =IF(BC$3="","",IFERROR(LEFT(TRIM(INDEX(Forms貼り付け!$A:$AZ,37,BC$3)),1),""))
A39: U035 | B39: =IF($B$3="","",INDEX(Forms貼り付け!$A:$AZ,38,$B$3)) | C39: =IF($C$3="","",INDEX(Forms貼り付け!$A:$AZ,38,$C$3)) | D39: =IF($D$3="","",INDEX(Forms貼り付け!$A:$AZ,38,$D$3)) | E39: =IF($E$3="","",INDEX(Forms貼り付け!$A:$AZ,38,$E$3)) | F39: =IF(F$3="","",IFERROR(LEFT(TRIM(INDEX(Forms貼り付け!$A:$AZ,38,F$3)),1),"")) | G39: =IF(G$3="","",IFERROR(LEFT(TRIM(INDEX(Forms貼り付け!$A:$AZ,38,G$3)),1),"")) | H39: =IF(H$3="","",IFERROR(LEFT(TRIM(INDEX(Forms貼り付け!$A:$AZ,38,H$3)),1),"")) | I39: =IF(I$3="","",IFERROR(LEFT(TRIM(INDEX(Forms貼り付け!$A:$AZ,38,I$3)),1),"")) | J39: =IF(J$3="","",IFERROR(LEFT(TRIM(INDEX(Forms貼り付け!$A:$AZ,38,J$3)),1),"")) | K39: =IF(K$3="","",IFERROR(LEFT(TRIM(INDEX(Forms貼り付け!$A:$AZ,38,K$3)),1),"")) | L39: =IF(L$3="","",IFERROR(LEFT(TRIM(INDEX(Forms貼り付け!$A:$AZ,38,L$3)),1),"")) | M39: =IF(M$3="","",IFERROR(LEFT(TRIM(INDEX(Forms貼り付け!$A:$AZ,38,M$3)),1),"")) | ... BC39: =IF(BC$3="","",IFERROR(LEFT(TRIM(INDEX(Forms貼り付け!$A:$AZ,38,BC$3)),1),""))
A40: U036 | B40: =IF($B$3="","",INDEX(Forms貼り付け!$A:$AZ,39,$B$3)) | C40: =IF($C$3="","",INDEX(Forms貼り付け!$A:$AZ,39,$C$3)) | D40: =IF($D$3="","",INDEX(Forms貼り付け!$A:$AZ,39,$D$3)) | E40: =IF($E$3="","",INDEX(Forms貼り付け!$A:$AZ,39,$E$3)) | F40: =IF(F$3="","",IFERROR(LEFT(TRIM(INDEX(Forms貼り付け!$A:$AZ,39,F$3)),1),"")) | G40: =IF(G$3="","",IFERROR(LEFT(TRIM(INDEX(Forms貼り付け!$A:$AZ,39,G$3)),1),"")) | H40: =IF(H$3="","",IFERROR(LEFT(TRIM(INDEX(Forms貼り付け!$A:$AZ,39,H$3)),1),"")) | I40: =IF(I$3="","",IFERROR(LEFT(TRIM(INDEX(Forms貼り付け!$A:$AZ,39,I$3)),1),"")) | J40: =IF(J$3="","",IFERROR(LEFT(TRIM(INDEX(Forms貼り付け!$A:$AZ,39,J$3)),1),"")) | K40: =IF(K$3="","",IFERROR(LEFT(TRIM(INDEX(Forms貼り付け!$A:$AZ,39,K$3)),1),"")) | L40: =IF(L$3="","",IFERROR(LEFT(TRIM(INDEX(Forms貼り付け!$A:$AZ,39,L$3)),1),"")) | M40: =IF(M$3="","",IFERROR(LEFT(TRIM(INDEX(Forms貼り付け!$A:$AZ,39,M$3)),1),"")) | ... BC40: =IF(BC$3="","",IFERROR(LEFT(TRIM(INDEX(Forms貼り付け!$A:$AZ,39,BC$3)),1),""))
A41: U037 | B41: =IF($B$3="","",INDEX(Forms貼り付け!$A:$AZ,40,$B$3)) | C41: =IF($C$3="","",INDEX(Forms貼り付け!$A:$AZ,40,$C$3)) | D41: =IF($D$3="","",INDEX(Forms貼り付け!$A:$AZ,40,$D$3)) | E41: =IF($E$3="","",INDEX(Forms貼り付け!$A:$AZ,40,$E$3)) | F41: =IF(F$3="","",IFERROR(LEFT(TRIM(INDEX(Forms貼り付け!$A:$AZ,40,F$3)),1),"")) | G41: =IF(G$3="","",IFERROR(LEFT(TRIM(INDEX(Forms貼り付け!$A:$AZ,40,G$3)),1),"")) | H41: =IF(H$3="","",IFERROR(LEFT(TRIM(INDEX(Forms貼り付け!$A:$AZ,40,H$3)),1),"")) | I41: =IF(I$3="","",IFERROR(LEFT(TRIM(INDEX(Forms貼り付け!$A:$AZ,40,I$3)),1),"")) | J41: =IF(J$3="","",IFERROR(LEFT(TRIM(INDEX(Forms貼り付け!$A:$AZ,40,J$3)),1),"")) | K41: =IF(K$3="","",IFERROR(LEFT(TRIM(INDEX(Forms貼り付け!$A:$AZ,40,K$3)),1),"")) | L41: =IF(L$3="","",IFERROR(LEFT(TRIM(INDEX(Forms貼り付け!$A:$AZ,40,L$3)),1),"")) | M41: =IF(M$3="","",IFERROR(LEFT(TRIM(INDEX(Forms貼り付け!$A:$AZ,40,M$3)),1),"")) | ... BC41: =IF(BC$3="","",IFERROR(LEFT(TRIM(INDEX(Forms貼り付け!$A:$AZ,40,BC$3)),1),""))
A42: U038 | B42: =IF($B$3="","",INDEX(Forms貼り付け!$A:$AZ,41,$B$3)) | C42: =IF($C$3="","",INDEX(Forms貼り付け!$A:$AZ,41,$C$3)) | D42: =IF($D$3="","",INDEX(Forms貼り付け!$A:$AZ,41,$D$3)) | E42: =IF($E$3="","",INDEX(Forms貼り付け!$A:$AZ,41,$E$3)) | F42: =IF(F$3="","",IFERROR(LEFT(TRIM(INDEX(Forms貼り付け!$A:$AZ,41,F$3)),1),"")) | G42: =IF(G$3="","",IFERROR(LEFT(TRIM(INDEX(Forms貼り付け!$A:$AZ,41,G$3)),1),"")) | H42: =IF(H$3="","",IFERROR(LEFT(TRIM(INDEX(Forms貼り付け!$A:$AZ,41,H$3)),1),"")) | I42: =IF(I$3="","",IFERROR(LEFT(TRIM(INDEX(Forms貼り付け!$A:$AZ,41,I$3)),1),"")) | J42: =IF(J$3="","",IFERROR(LEFT(TRIM(INDEX(Forms貼り付け!$A:$AZ,41,J$3)),1),"")) | K42: =IF(K$3="","",IFERROR(LEFT(TRIM(INDEX(Forms貼り付け!$A:$AZ,41,K$3)),1),"")) | L42: =IF(L$3="","",IFERROR(LEFT(TRIM(INDEX(Forms貼り付け!$A:$AZ,41,L$3)),1),"")) | M42: =IF(M$3="","",IFERROR(LEFT(TRIM(INDEX(Forms貼り付け!$A:$AZ,41,M$3)),1),"")) | ... BC42: =IF(BC$3="","",IFERROR(LEFT(TRIM(INDEX(Forms貼り付け!$A:$AZ,41,BC$3)),1),""))
A43: U039 | B43: =IF($B$3="","",INDEX(Forms貼り付け!$A:$AZ,42,$B$3)) | C43: =IF($C$3="","",INDEX(Forms貼り付け!$A:$AZ,42,$C$3)) | D43: =IF($D$3="","",INDEX(Forms貼り付け!$A:$AZ,42,$D$3)) | E43: =IF($E$3="","",INDEX(Forms貼り付け!$A:$AZ,42,$E$3)) | F43: =IF(F$3="","",IFERROR(LEFT(TRIM(INDEX(Forms貼り付け!$A:$AZ,42,F$3)),1),"")) | G43: =IF(G$3="","",IFERROR(LEFT(TRIM(INDEX(Forms貼り付け!$A:$AZ,42,G$3)),1),"")) | H43: =IF(H$3="","",IFERROR(LEFT(TRIM(INDEX(Forms貼り付け!$A:$AZ,42,H$3)),1),"")) | I43: =IF(I$3="","",IFERROR(LEFT(TRIM(INDEX(Forms貼り付け!$A:$AZ,42,I$3)),1),"")) | J43: =IF(J$3="","",IFERROR(LEFT(TRIM(INDEX(Forms貼り付け!$A:$AZ,42,J$3)),1),"")) | K43: =IF(K$3="","",IFERROR(LEFT(TRIM(INDEX(Forms貼り付け!$A:$AZ,42,K$3)),1),"")) | L43: =IF(L$3="","",IFERROR(LEFT(TRIM(INDEX(Forms貼り付け!$A:$AZ,42,L$3)),1),"")) | M43: =IF(M$3="","",IFERROR(LEFT(TRIM(INDEX(Forms貼り付け!$A:$AZ,42,M$3)),1),"")) | ... BC43: =IF(BC$3="","",IFERROR(LEFT(TRIM(INDEX(Forms貼り付け!$A:$AZ,42,BC$3)),1),""))
A44: U040 | B44: =IF($B$3="","",INDEX(Forms貼り付け!$A:$AZ,43,$B$3)) | C44: =IF($C$3="","",INDEX(Forms貼り付け!$A:$AZ,43,$C$3)) | D44: =IF($D$3="","",INDEX(Forms貼り付け!$A:$AZ,43,$D$3)) | E44: =IF($E$3="","",INDEX(Forms貼り付け!$A:$AZ,43,$E$3)) | F44: =IF(F$3="","",IFERROR(LEFT(TRIM(INDEX(Forms貼り付け!$A:$AZ,43,F$3)),1),"")) | G44: =IF(G$3="","",IFERROR(LEFT(TRIM(INDEX(Forms貼り付け!$A:$AZ,43,G$3)),1),"")) | H44: =IF(H$3="","",IFERROR(LEFT(TRIM(INDEX(Forms貼り付け!$A:$AZ,43,H$3)),1),"")) | I44: =IF(I$3="","",IFERROR(LEFT(TRIM(INDEX(Forms貼り付け!$A:$AZ,43,I$3)),1),"")) | J44: =IF(J$3="","",IFERROR(LEFT(TRIM(INDEX(Forms貼り付け!$A:$AZ,43,J$3)),1),"")) | K44: =IF(K$3="","",IFERROR(LEFT(TRIM(INDEX(Forms貼り付け!$A:$AZ,43,K$3)),1),"")) | L44: =IF(L$3="","",IFERROR(LEFT(TRIM(INDEX(Forms貼り付け!$A:$AZ,43,L$3)),1),"")) | M44: =IF(M$3="","",IFERROR(LEFT(TRIM(INDEX(Forms貼り付け!$A:$AZ,43,M$3)),1),"")) | ... BC44: =IF(BC$3="","",IFERROR(LEFT(TRIM(INDEX(Forms貼り付け!$A:$AZ,43,BC$3)),1),""))
A45: U041 | B45: =IF($B$3="","",INDEX(Forms貼り付け!$A:$AZ,44,$B$3)) | C45: =IF($C$3="","",INDEX(Forms貼り付け!$A:$AZ,44,$C$3)) | D45: =IF($D$3="","",INDEX(Forms貼り付け!$A:$AZ,44,$D$3)) | E45: =IF($E$3="","",INDEX(Forms貼り付け!$A:$AZ,44,$E$3)) | F45: =IF(F$3="","",IFERROR(LEFT(TRIM(INDEX(Forms貼り付け!$A:$AZ,44,F$3)),1),"")) | G45: =IF(G$3="","",IFERROR(LEFT(TRIM(INDEX(Forms貼り付け!$A:$AZ,44,G$3)),1),"")) | H45: =IF(H$3="","",IFERROR(LEFT(TRIM(INDEX(Forms貼り付け!$A:$AZ,44,H$3)),1),"")) | I45: =IF(I$3="","",IFERROR(LEFT(TRIM(INDEX(Forms貼り付け!$A:$AZ,44,I$3)),1),"")) | J45: =IF(J$3="","",IFERROR(LEFT(TRIM(INDEX(Forms貼り付け!$A:$AZ,44,J$3)),1),"")) | K45: =IF(K$3="","",IFERROR(LEFT(TRIM(INDEX(Forms貼り付け!$A:$AZ,44,K$3)),1),"")) | L45: =IF(L$3="","",IFERROR(LEFT(TRIM(INDEX(Forms貼り付け!$A:$AZ,44,L$3)),1),"")) | M45: =IF(M$3="","",IFERROR(LEFT(TRIM(INDEX(Forms貼り付け!$A:$AZ,44,M$3)),1),"")) | ... BC45: =IF(BC$3="","",IFERROR(LEFT(TRIM(INDEX(Forms貼り付け!$A:$AZ,44,BC$3)),1),""))
A46: U042 | B46: =IF($B$3="","",INDEX(Forms貼り付け!$A:$AZ,45,$B$3)) | C46: =IF($C$3="","",INDEX(Forms貼り付け!$A:$AZ,45,$C$3)) | D46: =IF($D$3="","",INDEX(Forms貼り付け!$A:$AZ,45,$D$3)) | E46: =IF($E$3="","",INDEX(Forms貼り付け!$A:$AZ,45,$E$3)) | F46: =IF(F$3="","",IFERROR(LEFT(TRIM(INDEX(Forms貼り付け!$A:$AZ,45,F$3)),1),"")) | G46: =IF(G$3="","",IFERROR(LEFT(TRIM(INDEX(Forms貼り付け!$A:$AZ,45,G$3)),1),"")) | H46: =IF(H$3="","",IFERROR(LEFT(TRIM(INDEX(Forms貼り付け!$A:$AZ,45,H$3)),1),"")) | I46: =IF(I$3="","",IFERROR(LEFT(TRIM(INDEX(Forms貼り付け!$A:$AZ,45,I$3)),1),"")) | J46: =IF(J$3="","",IFERROR(LEFT(TRIM(INDEX(Forms貼り付け!$A:$AZ,45,J$3)),1),"")) | K46: =IF(K$3="","",IFERROR(LEFT(TRIM(INDEX(Forms貼り付け!$A:$AZ,45,K$3)),1),"")) | L46: =IF(L$3="","",IFERROR(LEFT(TRIM(INDEX(Forms貼り付け!$A:$AZ,45,L$3)),1),"")) | M46: =IF(M$3="","",IFERROR(LEFT(TRIM(INDEX(Forms貼り付け!$A:$AZ,45,M$3)),1),"")) | ... BC46: =IF(BC$3="","",IFERROR(LEFT(TRIM(INDEX(Forms貼り付け!$A:$AZ,45,BC$3)),1),""))
A47: U043 | B47: =IF($B$3="","",INDEX(Forms貼り付け!$A:$AZ,46,$B$3)) | C47: =IF($C$3="","",INDEX(Forms貼り付け!$A:$AZ,46,$C$3)) | D47: =IF($D$3="","",INDEX(Forms貼り付け!$A:$AZ,46,$D$3)) | E47: =IF($E$3="","",INDEX(Forms貼り付け!$A:$AZ,46,$E$3)) | F47: =IF(F$3="","",IFERROR(LEFT(TRIM(INDEX(Forms貼り付け!$A:$AZ,46,F$3)),1),"")) | G47: =IF(G$3="","",IFERROR(LEFT(TRIM(INDEX(Forms貼り付け!$A:$AZ,46,G$3)),1),"")) | H47: =IF(H$3="","",IFERROR(LEFT(TRIM(INDEX(Forms貼り付け!$A:$AZ,46,H$3)),1),"")) | I47: =IF(I$3="","",IFERROR(LEFT(TRIM(INDEX(Forms貼り付け!$A:$AZ,46,I$3)),1),"")) | J47: =IF(J$3="","",IFERROR(LEFT(TRIM(INDEX(Forms貼り付け!$A:$AZ,46,J$3)),1),"")) | K47: =IF(K$3="","",IFERROR(LEFT(TRIM(INDEX(Forms貼り付け!$A:$AZ,46,K$3)),1),"")) | L47: =IF(L$3="","",IFERROR(LEFT(TRIM(INDEX(Forms貼り付け!$A:$AZ,46,L$3)),1),"")) | M47: =IF(M$3="","",IFERROR(LEFT(TRIM(INDEX(Forms貼り付け!$A:$AZ,46,M$3)),1),"")) | ... BC47: =IF(BC$3="","",IFERROR(LEFT(TRIM(INDEX(Forms貼り付け!$A:$AZ,46,BC$3)),1),""))
A48: U044 | B48: =IF($B$3="","",INDEX(Forms貼り付け!$A:$AZ,47,$B$3)) | C48: =IF($C$3="","",INDEX(Forms貼り付け!$A:$AZ,47,$C$3)) | D48: =IF($D$3="","",INDEX(Forms貼り付け!$A:$AZ,47,$D$3)) | E48: =IF($E$3="","",INDEX(Forms貼り付け!$A:$AZ,47,$E$3)) | F48: =IF(F$3="","",IFERROR(LEFT(TRIM(INDEX(Forms貼り付け!$A:$AZ,47,F$3)),1),"")) | G48: =IF(G$3="","",IFERROR(LEFT(TRIM(INDEX(Forms貼り付け!$A:$AZ,47,G$3)),1),"")) | H48: =IF(H$3="","",IFERROR(LEFT(TRIM(INDEX(Forms貼り付け!$A:$AZ,47,H$3)),1),"")) | I48: =IF(I$3="","",IFERROR(LEFT(TRIM(INDEX(Forms貼り付け!$A:$AZ,47,I$3)),1),"")) | J48: =IF(J$3="","",IFERROR(LEFT(TRIM(INDEX(Forms貼り付け!$A:$AZ,47,J$3)),1),"")) | K48: =IF(K$3="","",IFERROR(LEFT(TRIM(INDEX(Forms貼り付け!$A:$AZ,47,K$3)),1),"")) | L48: =IF(L$3="","",IFERROR(LEFT(TRIM(INDEX(Forms貼り付け!$A:$AZ,47,L$3)),1),"")) | M48: =IF(M$3="","",IFERROR(LEFT(TRIM(INDEX(Forms貼り付け!$A:$AZ,47,M$3)),1),"")) | ... BC48: =IF(BC$3="","",IFERROR(LEFT(TRIM(INDEX(Forms貼り付け!$A:$AZ,47,BC$3)),1),""))
A49: U045 | B49: =IF($B$3="","",INDEX(Forms貼り付け!$A:$AZ,48,$B$3)) | C49: =IF($C$3="","",INDEX(Forms貼り付け!$A:$AZ,48,$C$3)) | D49: =IF($D$3="","",INDEX(Forms貼り付け!$A:$AZ,48,$D$3)) | E49: =IF($E$3="","",INDEX(Forms貼り付け!$A:$AZ,48,$E$3)) | F49: =IF(F$3="","",IFERROR(LEFT(TRIM(INDEX(Forms貼り付け!$A:$AZ,48,F$3)),1),"")) | G49: =IF(G$3="","",IFERROR(LEFT(TRIM(INDEX(Forms貼り付け!$A:$AZ,48,G$3)),1),"")) | H49: =IF(H$3="","",IFERROR(LEFT(TRIM(INDEX(Forms貼り付け!$A:$AZ,48,H$3)),1),"")) | I49: =IF(I$3="","",IFERROR(LEFT(TRIM(INDEX(Forms貼り付け!$A:$AZ,48,I$3)),1),"")) | J49: =IF(J$3="","",IFERROR(LEFT(TRIM(INDEX(Forms貼り付け!$A:$AZ,48,J$3)),1),"")) | K49: =IF(K$3="","",IFERROR(LEFT(TRIM(INDEX(Forms貼り付け!$A:$AZ,48,K$3)),1),"")) | L49: =IF(L$3="","",IFERROR(LEFT(TRIM(INDEX(Forms貼り付け!$A:$AZ,48,L$3)),1),"")) | M49: =IF(M$3="","",IFERROR(LEFT(TRIM(INDEX(Forms貼り付け!$A:$AZ,48,M$3)),1),"")) | ... BC49: =IF(BC$3="","",IFERROR(LEFT(TRIM(INDEX(Forms貼り付け!$A:$AZ,48,BC$3)),1),""))
A50: U046 | B50: =IF($B$3="","",INDEX(Forms貼り付け!$A:$AZ,49,$B$3)) | C50: =IF($C$3="","",INDEX(Forms貼り付け!$A:$AZ,49,$C$3)) | D50: =IF($D$3="","",INDEX(Forms貼り付け!$A:$AZ,49,$D$3)) | E50: =IF($E$3="","",INDEX(Forms貼り付け!$A:$AZ,49,$E$3)) | F50: =IF(F$3="","",IFERROR(LEFT(TRIM(INDEX(Forms貼り付け!$A:$AZ,49,F$3)),1),"")) | G50: =IF(G$3="","",IFERROR(LEFT(TRIM(INDEX(Forms貼り付け!$A:$AZ,49,G$3)),1),"")) | H50: =IF(H$3="","",IFERROR(LEFT(TRIM(INDEX(Forms貼り付け!$A:$AZ,49,H$3)),1),"")) | I50: =IF(I$3="","",IFERROR(LEFT(TRIM(INDEX(Forms貼り付け!$A:$AZ,49,I$3)),1),"")) | J50: =IF(J$3="","",IFERROR(LEFT(TRIM(INDEX(Forms貼り付け!$A:$AZ,49,J$3)),1),"")) | K50: =IF(K$3="","",IFERROR(LEFT(TRIM(INDEX(Forms貼り付け!$A:$AZ,49,K$3)),1),"")) | L50: =IF(L$3="","",IFERROR(LEFT(TRIM(INDEX(Forms貼り付け!$A:$AZ,49,L$3)),1),"")) | M50: =IF(M$3="","",IFERROR(LEFT(TRIM(INDEX(Forms貼り付け!$A:$AZ,49,M$3)),1),"")) | ... BC50: =IF(BC$3="","",IFERROR(LEFT(TRIM(INDEX(Forms貼り付け!$A:$AZ,49,BC$3)),1),""))
A51: U047 | B51: =IF($B$3="","",INDEX(Forms貼り付け!$A:$AZ,50,$B$3)) | C51: =IF($C$3="","",INDEX(Forms貼り付け!$A:$AZ,50,$C$3)) | D51: =IF($D$3="","",INDEX(Forms貼り付け!$A:$AZ,50,$D$3)) | E51: =IF($E$3="","",INDEX(Forms貼り付け!$A:$AZ,50,$E$3)) | F51: =IF(F$3="","",IFERROR(LEFT(TRIM(INDEX(Forms貼り付け!$A:$AZ,50,F$3)),1),"")) | G51: =IF(G$3="","",IFERROR(LEFT(TRIM(INDEX(Forms貼り付け!$A:$AZ,50,G$3)),1),"")) | H51: =IF(H$3="","",IFERROR(LEFT(TRIM(INDEX(Forms貼り付け!$A:$AZ,50,H$3)),1),"")) | I51: =IF(I$3="","",IFERROR(LEFT(TRIM(INDEX(Forms貼り付け!$A:$AZ,50,I$3)),1),"")) | J51: =IF(J$3="","",IFERROR(LEFT(TRIM(INDEX(Forms貼り付け!$A:$AZ,50,J$3)),1),"")) | K51: =IF(K$3="","",IFERROR(LEFT(TRIM(INDEX(Forms貼り付け!$A:$AZ,50,K$3)),1),"")) | L51: =IF(L$3="","",IFERROR(LEFT(TRIM(INDEX(Forms貼り付け!$A:$AZ,50,L$3)),1),"")) | M51: =IF(M$3="","",IFERROR(LEFT(TRIM(INDEX(Forms貼り付け!$A:$AZ,50,M$3)),1),"")) | ... BC51: =IF(BC$3="","",IFERROR(LEFT(TRIM(INDEX(Forms貼り付け!$A:$AZ,50,BC$3)),1),""))
A52: U048 | B52: =IF($B$3="","",INDEX(Forms貼り付け!$A:$AZ,51,$B$3)) | C52: =IF($C$3="","",INDEX(Forms貼り付け!$A:$AZ,51,$C$3)) | D52: =IF($D$3="","",INDEX(Forms貼り付け!$A:$AZ,51,$D$3)) | E52: =IF($E$3="","",INDEX(Forms貼り付け!$A:$AZ,51,$E$3)) | F52: =IF(F$3="","",IFERROR(LEFT(TRIM(INDEX(Forms貼り付け!$A:$AZ,51,F$3)),1),"")) | G52: =IF(G$3="","",IFERROR(LEFT(TRIM(INDEX(Forms貼り付け!$A:$AZ,51,G$3)),1),"")) | H52: =IF(H$3="","",IFERROR(LEFT(TRIM(INDEX(Forms貼り付け!$A:$AZ,51,H$3)),1),"")) | I52: =IF(I$3="","",IFERROR(LEFT(TRIM(INDEX(Forms貼り付け!$A:$AZ,51,I$3)),1),"")) | J52: =IF(J$3="","",IFERROR(LEFT(TRIM(INDEX(Forms貼り付け!$A:$AZ,51,J$3)),1),"")) | K52: =IF(K$3="","",IFERROR(LEFT(TRIM(INDEX(Forms貼り付け!$A:$AZ,51,K$3)),1),"")) | L52: =IF(L$3="","",IFERROR(LEFT(TRIM(INDEX(Forms貼り付け!$A:$AZ,51,L$3)),1),"")) | M52: =IF(M$3="","",IFERROR(LEFT(TRIM(INDEX(Forms貼り付け!$A:$AZ,51,M$3)),1),"")) | ... BC52: =IF(BC$3="","",IFERROR(LEFT(TRIM(INDEX(Forms貼り付け!$A:$AZ,51,BC$3)),1),""))
A53: U049 | B53: =IF($B$3="","",INDEX(Forms貼り付け!$A:$AZ,52,$B$3)) | C53: =IF($C$3="","",INDEX(Forms貼り付け!$A:$AZ,52,$C$3)) | D53: =IF($D$3="","",INDEX(Forms貼り付け!$A:$AZ,52,$D$3)) | E53: =IF($E$3="","",INDEX(Forms貼り付け!$A:$AZ,52,$E$3)) | F53: =IF(F$3="","",IFERROR(LEFT(TRIM(INDEX(Forms貼り付け!$A:$AZ,52,F$3)),1),"")) | G53: =IF(G$3="","",IFERROR(LEFT(TRIM(INDEX(Forms貼り付け!$A:$AZ,52,G$3)),1),"")) | H53: =IF(H$3="","",IFERROR(LEFT(TRIM(INDEX(Forms貼り付け!$A:$AZ,52,H$3)),1),"")) | I53: =IF(I$3="","",IFERROR(LEFT(TRIM(INDEX(Forms貼り付け!$A:$AZ,52,I$3)),1),"")) | J53: =IF(J$3="","",IFERROR(LEFT(TRIM(INDEX(Forms貼り付け!$A:$AZ,52,J$3)),1),"")) | K53: =IF(K$3="","",IFERROR(LEFT(TRIM(INDEX(Forms貼り付け!$A:$AZ,52,K$3)),1),"")) | L53: =IF(L$3="","",IFERROR(LEFT(TRIM(INDEX(Forms貼り付け!$A:$AZ,52,L$3)),1),"")) | M53: =IF(M$3="","",IFERROR(LEFT(TRIM(INDEX(Forms貼り付け!$A:$AZ,52,M$3)),1),"")) | ... BC53: =IF(BC$3="","",IFERROR(LEFT(TRIM(INDEX(Forms貼り付け!$A:$AZ,52,BC$3)),1),""))
A54: U050 | B54: =IF($B$3="","",INDEX(Forms貼り付け!$A:$AZ,53,$B$3)) | C54: =IF($C$3="","",INDEX(Forms貼り付け!$A:$AZ,53,$C$3)) | D54: =IF($D$3="","",INDEX(Forms貼り付け!$A:$AZ,53,$D$3)) | E54: =IF($E$3="","",INDEX(Forms貼り付け!$A:$AZ,53,$E$3)) | F54: =IF(F$3="","",IFERROR(LEFT(TRIM(INDEX(Forms貼り付け!$A:$AZ,53,F$3)),1),"")) | G54: =IF(G$3="","",IFERROR(LEFT(TRIM(INDEX(Forms貼り付け!$A:$AZ,53,G$3)),1),"")) | H54: =IF(H$3="","",IFERROR(LEFT(TRIM(INDEX(Forms貼り付け!$A:$AZ,53,H$3)),1),"")) | I54: =IF(I$3="","",IFERROR(LEFT(TRIM(INDEX(Forms貼り付け!$A:$AZ,53,I$3)),1),"")) | J54: =IF(J$3="","",IFERROR(LEFT(TRIM(INDEX(Forms貼り付け!$A:$AZ,53,J$3)),1),"")) | K54: =IF(K$3="","",IFERROR(LEFT(TRIM(INDEX(Forms貼り付け!$A:$AZ,53,K$3)),1),"")) | L54: =IF(L$3="","",IFERROR(LEFT(TRIM(INDEX(Forms貼り付け!$A:$AZ,53,L$3)),1),"")) | M54: =IF(M$3="","",IFERROR(LEFT(TRIM(INDEX(Forms貼り付け!$A:$AZ,53,M$3)),1),"")) | ... BC54: =IF(BC$3="","",IFERROR(LEFT(TRIM(INDEX(Forms貼り付け!$A:$AZ,53,BC$3)),1),""))
A55: U051 | B55: =IF($B$3="","",INDEX(Forms貼り付け!$A:$AZ,54,$B$3)) | C55: =IF($C$3="","",INDEX(Forms貼り付け!$A:$AZ,54,$C$3)) | D55: =IF($D$3="","",INDEX(Forms貼り付け!$A:$AZ,54,$D$3)) | E55: =IF($E$3="","",INDEX(Forms貼り付け!$A:$AZ,54,$E$3)) | F55: =IF(F$3="","",IFERROR(LEFT(TRIM(INDEX(Forms貼り付け!$A:$AZ,54,F$3)),1),"")) | G55: =IF(G$3="","",IFERROR(LEFT(TRIM(INDEX(Forms貼り付け!$A:$AZ,54,G$3)),1),"")) | H55: =IF(H$3="","",IFERROR(LEFT(TRIM(INDEX(Forms貼り付け!$A:$AZ,54,H$3)),1),"")) | I55: =IF(I$3="","",IFERROR(LEFT(TRIM(INDEX(Forms貼り付け!$A:$AZ,54,I$3)),1),"")) | J55: =IF(J$3="","",IFERROR(LEFT(TRIM(INDEX(Forms貼り付け!$A:$AZ,54,J$3)),1),"")) | K55: =IF(K$3="","",IFERROR(LEFT(TRIM(INDEX(Forms貼り付け!$A:$AZ,54,K$3)),1),"")) | L55: =IF(L$3="","",IFERROR(LEFT(TRIM(INDEX(Forms貼り付け!$A:$AZ,54,L$3)),1),"")) | M55: =IF(M$3="","",IFERROR(LEFT(TRIM(INDEX(Forms貼り付け!$A:$AZ,54,M$3)),1),"")) | ... BC55: =IF(BC$3="","",IFERROR(LEFT(TRIM(INDEX(Forms貼り付け!$A:$AZ,54,BC$3)),1),""))
A56: U052 | B56: =IF($B$3="","",INDEX(Forms貼り付け!$A:$AZ,55,$B$3)) | C56: =IF($C$3="","",INDEX(Forms貼り付け!$A:$AZ,55,$C$3)) | D56: =IF($D$3="","",INDEX(Forms貼り付け!$A:$AZ,55,$D$3)) | E56: =IF($E$3="","",INDEX(Forms貼り付け!$A:$AZ,55,$E$3)) | F56: =IF(F$3="","",IFERROR(LEFT(TRIM(INDEX(Forms貼り付け!$A:$AZ,55,F$3)),1),"")) | G56: =IF(G$3="","",IFERROR(LEFT(TRIM(INDEX(Forms貼り付け!$A:$AZ,55,G$3)),1),"")) | H56: =IF(H$3="","",IFERROR(LEFT(TRIM(INDEX(Forms貼り付け!$A:$AZ,55,H$3)),1),"")) | I56: =IF(I$3="","",IFERROR(LEFT(TRIM(INDEX(Forms貼り付け!$A:$AZ,55,I$3)),1),"")) | J56: =IF(J$3="","",IFERROR(LEFT(TRIM(INDEX(Forms貼り付け!$A:$AZ,55,J$3)),1),"")) | K56: =IF(K$3="","",IFERROR(LEFT(TRIM(INDEX(Forms貼り付け!$A:$AZ,55,K$3)),1),"")) | L56: =IF(L$3="","",IFERROR(LEFT(TRIM(INDEX(Forms貼り付け!$A:$AZ,55,L$3)),1),"")) | M56: =IF(M$3="","",IFERROR(LEFT(TRIM(INDEX(Forms貼り付け!$A:$AZ,55,M$3)),1),"")) | ... BC56: =IF(BC$3="","",IFERROR(LEFT(TRIM(INDEX(Forms貼り付け!$A:$AZ,55,BC$3)),1),""))
A57: U053 | B57: =IF($B$3="","",INDEX(Forms貼り付け!$A:$AZ,56,$B$3)) | C57: =IF($C$3="","",INDEX(Forms貼り付け!$A:$AZ,56,$C$3)) | D57: =IF($D$3="","",INDEX(Forms貼り付け!$A:$AZ,56,$D$3)) | E57: =IF($E$3="","",INDEX(Forms貼り付け!$A:$AZ,56,$E$3)) | F57: =IF(F$3="","",IFERROR(LEFT(TRIM(INDEX(Forms貼り付け!$A:$AZ,56,F$3)),1),"")) | G57: =IF(G$3="","",IFERROR(LEFT(TRIM(INDEX(Forms貼り付け!$A:$AZ,56,G$3)),1),"")) | H57: =IF(H$3="","",IFERROR(LEFT(TRIM(INDEX(Forms貼り付け!$A:$AZ,56,H$3)),1),"")) | I57: =IF(I$3="","",IFERROR(LEFT(TRIM(INDEX(Forms貼り付け!$A:$AZ,56,I$3)),1),"")) | J57: =IF(J$3="","",IFERROR(LEFT(TRIM(INDEX(Forms貼り付け!$A:$AZ,56,J$3)),1),"")) | K57: =IF(K$3="","",IFERROR(LEFT(TRIM(INDEX(Forms貼り付け!$A:$AZ,56,K$3)),1),"")) | L57: =IF(L$3="","",IFERROR(LEFT(TRIM(INDEX(Forms貼り付け!$A:$AZ,56,L$3)),1),"")) | M57: =IF(M$3="","",IFERROR(LEFT(TRIM(INDEX(Forms貼り付け!$A:$AZ,56,M$3)),1),"")) | ... BC57: =IF(BC$3="","",IFERROR(LEFT(TRIM(INDEX(Forms貼り付け!$A:$AZ,56,BC$3)),1),""))
A58: U054 | B58: =IF($B$3="","",INDEX(Forms貼り付け!$A:$AZ,57,$B$3)) | C58: =IF($C$3="","",INDEX(Forms貼り付け!$A:$AZ,57,$C$3)) | D58: =IF($D$3="","",INDEX(Forms貼り付け!$A:$AZ,57,$D$3)) | E58: =IF($E$3="","",INDEX(Forms貼り付け!$A:$AZ,57,$E$3)) | F58: =IF(F$3="","",IFERROR(LEFT(TRIM(INDEX(Forms貼り付け!$A:$AZ,57,F$3)),1),"")) | G58: =IF(G$3="","",IFERROR(LEFT(TRIM(INDEX(Forms貼り付け!$A:$AZ,57,G$3)),1),"")) | H58: =IF(H$3="","",IFERROR(LEFT(TRIM(INDEX(Forms貼り付け!$A:$AZ,57,H$3)),1),"")) | I58: =IF(I$3="","",IFERROR(LEFT(TRIM(INDEX(Forms貼り付け!$A:$AZ,57,I$3)),1),"")) | J58: =IF(J$3="","",IFERROR(LEFT(TRIM(INDEX(Forms貼り付け!$A:$AZ,57,J$3)),1),"")) | K58: =IF(K$3="","",IFERROR(LEFT(TRIM(INDEX(Forms貼り付け!$A:$AZ,57,K$3)),1),"")) | L58: =IF(L$3="","",IFERROR(LEFT(TRIM(INDEX(Forms貼り付け!$A:$AZ,57,L$3)),1),"")) | M58: =IF(M$3="","",IFERROR(LEFT(TRIM(INDEX(Forms貼り付け!$A:$AZ,57,M$3)),1),"")) | ... BC58: =IF(BC$3="","",IFERROR(LEFT(TRIM(INDEX(Forms貼り付け!$A:$AZ,57,BC$3)),1),""))
A59: U055 | B59: =IF($B$3="","",INDEX(Forms貼り付け!$A:$AZ,58,$B$3)) | C59: =IF($C$3="","",INDEX(Forms貼り付け!$A:$AZ,58,$C$3)) | D59: =IF($D$3="","",INDEX(Forms貼り付け!$A:$AZ,58,$D$3)) | E59: =IF($E$3="","",INDEX(Forms貼り付け!$A:$AZ,58,$E$3)) | F59: =IF(F$3="","",IFERROR(LEFT(TRIM(INDEX(Forms貼り付け!$A:$AZ,58,F$3)),1),"")) | G59: =IF(G$3="","",IFERROR(LEFT(TRIM(INDEX(Forms貼り付け!$A:$AZ,58,G$3)),1),"")) | H59: =IF(H$3="","",IFERROR(LEFT(TRIM(INDEX(Forms貼り付け!$A:$AZ,58,H$3)),1),"")) | I59: =IF(I$3="","",IFERROR(LEFT(TRIM(INDEX(Forms貼り付け!$A:$AZ,58,I$3)),1),"")) | J59: =IF(J$3="","",IFERROR(LEFT(TRIM(INDEX(Forms貼り付け!$A:$AZ,58,J$3)),1),"")) | K59: =IF(K$3="","",IFERROR(LEFT(TRIM(INDEX(Forms貼り付け!$A:$AZ,58,K$3)),1),"")) | L59: =IF(L$3="","",IFERROR(LEFT(TRIM(INDEX(Forms貼り付け!$A:$AZ,58,L$3)),1),"")) | M59: =IF(M$3="","",IFERROR(LEFT(TRIM(INDEX(Forms貼り付け!$A:$AZ,58,M$3)),1),"")) | ... BC59: =IF(BC$3="","",IFERROR(LEFT(TRIM(INDEX(Forms貼り付け!$A:$AZ,58,BC$3)),1),""))
A60: U056 | B60: =IF($B$3="","",INDEX(Forms貼り付け!$A:$AZ,59,$B$3)) | C60: =IF($C$3="","",INDEX(Forms貼り付け!$A:$AZ,59,$C$3)) | D60: =IF($D$3="","",INDEX(Forms貼り付け!$A:$AZ,59,$D$3)) | E60: =IF($E$3="","",INDEX(Forms貼り付け!$A:$AZ,59,$E$3)) | F60: =IF(F$3="","",IFERROR(LEFT(TRIM(INDEX(Forms貼り付け!$A:$AZ,59,F$3)),1),"")) | G60: =IF(G$3="","",IFERROR(LEFT(TRIM(INDEX(Forms貼り付け!$A:$AZ,59,G$3)),1),"")) | H60: =IF(H$3="","",IFERROR(LEFT(TRIM(INDEX(Forms貼り付け!$A:$AZ,59,H$3)),1),"")) | I60: =IF(I$3="","",IFERROR(LEFT(TRIM(INDEX(Forms貼り付け!$A:$AZ,59,I$3)),1),"")) | J60: =IF(J$3="","",IFERROR(LEFT(TRIM(INDEX(Forms貼り付け!$A:$AZ,59,J$3)),1),"")) | K60: =IF(K$3="","",IFERROR(LEFT(TRIM(INDEX(Forms貼り付け!$A:$AZ,59,K$3)),1),"")) | L60: =IF(L$3="","",IFERROR(LEFT(TRIM(INDEX(Forms貼り付け!$A:$AZ,59,L$3)),1),"")) | M60: =IF(M$3="","",IFERROR(LEFT(TRIM(INDEX(Forms貼り付け!$A:$AZ,59,M$3)),1),"")) | ... BC60: =IF(BC$3="","",IFERROR(LEFT(TRIM(INDEX(Forms貼り付け!$A:$AZ,59,BC$3)),1),""))
A61: U057 | B61: =IF($B$3="","",INDEX(Forms貼り付け!$A:$AZ,60,$B$3)) | C61: =IF($C$3="","",INDEX(Forms貼り付け!$A:$AZ,60,$C$3)) | D61: =IF($D$3="","",INDEX(Forms貼り付け!$A:$AZ,60,$D$3)) | E61: =IF($E$3="","",INDEX(Forms貼り付け!$A:$AZ,60,$E$3)) | F61: =IF(F$3="","",IFERROR(LEFT(TRIM(INDEX(Forms貼り付け!$A:$AZ,60,F$3)),1),"")) | G61: =IF(G$3="","",IFERROR(LEFT(TRIM(INDEX(Forms貼り付け!$A:$AZ,60,G$3)),1),"")) | H61: =IF(H$3="","",IFERROR(LEFT(TRIM(INDEX(Forms貼り付け!$A:$AZ,60,H$3)),1),"")) | I61: =IF(I$3="","",IFERROR(LEFT(TRIM(INDEX(Forms貼り付け!$A:$AZ,60,I$3)),1),"")) | J61: =IF(J$3="","",IFERROR(LEFT(TRIM(INDEX(Forms貼り付け!$A:$AZ,60,J$3)),1),"")) | K61: =IF(K$3="","",IFERROR(LEFT(TRIM(INDEX(Forms貼り付け!$A:$AZ,60,K$3)),1),"")) | L61: =IF(L$3="","",IFERROR(LEFT(TRIM(INDEX(Forms貼り付け!$A:$AZ,60,L$3)),1),"")) | M61: =IF(M$3="","",IFERROR(LEFT(TRIM(INDEX(Forms貼り付け!$A:$AZ,60,M$3)),1),"")) | ... BC61: =IF(BC$3="","",IFERROR(LEFT(TRIM(INDEX(Forms貼り付け!$A:$AZ,60,BC$3)),1),""))
A62: U058 | B62: =IF($B$3="","",INDEX(Forms貼り付け!$A:$AZ,61,$B$3)) | C62: =IF($C$3="","",INDEX(Forms貼り付け!$A:$AZ,61,$C$3)) | D62: =IF($D$3="","",INDEX(Forms貼り付け!$A:$AZ,61,$D$3)) | E62: =IF($E$3="","",INDEX(Forms貼り付け!$A:$AZ,61,$E$3)) | F62: =IF(F$3="","",IFERROR(LEFT(TRIM(INDEX(Forms貼り付け!$A:$AZ,61,F$3)),1),"")) | G62: =IF(G$3="","",IFERROR(LEFT(TRIM(INDEX(Forms貼り付け!$A:$AZ,61,G$3)),1),"")) | H62: =IF(H$3="","",IFERROR(LEFT(TRIM(INDEX(Forms貼り付け!$A:$AZ,61,H$3)),1),"")) | I62: =IF(I$3="","",IFERROR(LEFT(TRIM(INDEX(Forms貼り付け!$A:$AZ,61,I$3)),1),"")) | J62: =IF(J$3="","",IFERROR(LEFT(TRIM(INDEX(Forms貼り付け!$A:$AZ,61,J$3)),1),"")) | K62: =IF(K$3="","",IFERROR(LEFT(TRIM(INDEX(Forms貼り付け!$A:$AZ,61,K$3)),1),"")) | L62: =IF(L$3="","",IFERROR(LEFT(TRIM(INDEX(Forms貼り付け!$A:$AZ,61,L$3)),1),"")) | M62: =IF(M$3="","",IFERROR(LEFT(TRIM(INDEX(Forms貼り付け!$A:$AZ,61,M$3)),1),"")) | ... BC62: =IF(BC$3="","",IFERROR(LEFT(TRIM(INDEX(Forms貼り付け!$A:$AZ,61,BC$3)),1),""))
A63: U059 | B63: =IF($B$3="","",INDEX(Forms貼り付け!$A:$AZ,62,$B$3)) | C63: =IF($C$3="","",INDEX(Forms貼り付け!$A:$AZ,62,$C$3)) | D63: =IF($D$3="","",INDEX(Forms貼り付け!$A:$AZ,62,$D$3)) | E63: =IF($E$3="","",INDEX(Forms貼り付け!$A:$AZ,62,$E$3)) | F63: =IF(F$3="","",IFERROR(LEFT(TRIM(INDEX(Forms貼り付け!$A:$AZ,62,F$3)),1),"")) | G63: =IF(G$3="","",IFERROR(LEFT(TRIM(INDEX(Forms貼り付け!$A:$AZ,62,G$3)),1),"")) | H63: =IF(H$3="","",IFERROR(LEFT(TRIM(INDEX(Forms貼り付け!$A:$AZ,62,H$3)),1),"")) | I63: =IF(I$3="","",IFERROR(LEFT(TRIM(INDEX(Forms貼り付け!$A:$AZ,62,I$3)),1),"")) | J63: =IF(J$3="","",IFERROR(LEFT(TRIM(INDEX(Forms貼り付け!$A:$AZ,62,J$3)),1),"")) | K63: =IF(K$3="","",IFERROR(LEFT(TRIM(INDEX(Forms貼り付け!$A:$AZ,62,K$3)),1),"")) | L63: =IF(L$3="","",IFERROR(LEFT(TRIM(INDEX(Forms貼り付け!$A:$AZ,62,L$3)),1),"")) | M63: =IF(M$3="","",IFERROR(LEFT(TRIM(INDEX(Forms貼り付け!$A:$AZ,62,M$3)),1),"")) | ... BC63: =IF(BC$3="","",IFERROR(LEFT(TRIM(INDEX(Forms貼り付け!$A:$AZ,62,BC$3)),1),""))
A64: U060 | B64: =IF($B$3="","",INDEX(Forms貼り付け!$A:$AZ,63,$B$3)) | C64: =IF($C$3="","",INDEX(Forms貼り付け!$A:$AZ,63,$C$3)) | D64: =IF($D$3="","",INDEX(Forms貼り付け!$A:$AZ,63,$D$3)) | E64: =IF($E$3="","",INDEX(Forms貼り付け!$A:$AZ,63,$E$3)) | F64: =IF(F$3="","",IFERROR(LEFT(TRIM(INDEX(Forms貼り付け!$A:$AZ,63,F$3)),1),"")) | G64: =IF(G$3="","",IFERROR(LEFT(TRIM(INDEX(Forms貼り付け!$A:$AZ,63,G$3)),1),"")) | H64: =IF(H$3="","",IFERROR(LEFT(TRIM(INDEX(Forms貼り付け!$A:$AZ,63,H$3)),1),"")) | I64: =IF(I$3="","",IFERROR(LEFT(TRIM(INDEX(Forms貼り付け!$A:$AZ,63,I$3)),1),"")) | J64: =IF(J$3="","",IFERROR(LEFT(TRIM(INDEX(Forms貼り付け!$A:$AZ,63,J$3)),1),"")) | K64: =IF(K$3="","",IFERROR(LEFT(TRIM(INDEX(Forms貼り付け!$A:$AZ,63,K$3)),1),"")) | L64: =IF(L$3="","",IFERROR(LEFT(TRIM(INDEX(Forms貼り付け!$A:$AZ,63,L$3)),1),"")) | M64: =IF(M$3="","",IFERROR(LEFT(TRIM(INDEX(Forms貼り付け!$A:$AZ,63,M$3)),1),"")) | ... BC64: =IF(BC$3="","",IFERROR(LEFT(TRIM(INDEX(Forms貼り付け!$A:$AZ,63,BC$3)),1),""))
A65: U061 | B65: =IF($B$3="","",INDEX(Forms貼り付け!$A:$AZ,64,$B$3)) | C65: =IF($C$3="","",INDEX(Forms貼り付け!$A:$AZ,64,$C$3)) | D65: =IF($D$3="","",INDEX(Forms貼り付け!$A:$AZ,64,$D$3)) | E65: =IF($E$3="","",INDEX(Forms貼り付け!$A:$AZ,64,$E$3)) | F65: =IF(F$3="","",IFERROR(LEFT(TRIM(INDEX(Forms貼り付け!$A:$AZ,64,F$3)),1),"")) | G65: =IF(G$3="","",IFERROR(LEFT(TRIM(INDEX(Forms貼り付け!$A:$AZ,64,G$3)),1),"")) | H65: =IF(H$3="","",IFERROR(LEFT(TRIM(INDEX(Forms貼り付け!$A:$AZ,64,H$3)),1),"")) | I65: =IF(I$3="","",IFERROR(LEFT(TRIM(INDEX(Forms貼り付け!$A:$AZ,64,I$3)),1),"")) | J65: =IF(J$3="","",IFERROR(LEFT(TRIM(INDEX(Forms貼り付け!$A:$AZ,64,J$3)),1),"")) | K65: =IF(K$3="","",IFERROR(LEFT(TRIM(INDEX(Forms貼り付け!$A:$AZ,64,K$3)),1),"")) | L65: =IF(L$3="","",IFERROR(LEFT(TRIM(INDEX(Forms貼り付け!$A:$AZ,64,L$3)),1),"")) | M65: =IF(M$3="","",IFERROR(LEFT(TRIM(INDEX(Forms貼り付け!$A:$AZ,64,M$3)),1),"")) | ... BC65: =IF(BC$3="","",IFERROR(LEFT(TRIM(INDEX(Forms貼り付け!$A:$AZ,64,BC$3)),1),""))
A66: U062 | B66: =IF($B$3="","",INDEX(Forms貼り付け!$A:$AZ,65,$B$3)) | C66: =IF($C$3="","",INDEX(Forms貼り付け!$A:$AZ,65,$C$3)) | D66: =IF($D$3="","",INDEX(Forms貼り付け!$A:$AZ,65,$D$3)) | E66: =IF($E$3="","",INDEX(Forms貼り付け!$A:$AZ,65,$E$3)) | F66: =IF(F$3="","",IFERROR(LEFT(TRIM(INDEX(Forms貼り付け!$A:$AZ,65,F$3)),1),"")) | G66: =IF(G$3="","",IFERROR(LEFT(TRIM(INDEX(Forms貼り付け!$A:$AZ,65,G$3)),1),"")) | H66: =IF(H$3="","",IFERROR(LEFT(TRIM(INDEX(Forms貼り付け!$A:$AZ,65,H$3)),1),"")) | I66: =IF(I$3="","",IFERROR(LEFT(TRIM(INDEX(Forms貼り付け!$A:$AZ,65,I$3)),1),"")) | J66: =IF(J$3="","",IFERROR(LEFT(TRIM(INDEX(Forms貼り付け!$A:$AZ,65,J$3)),1),"")) | K66: =IF(K$3="","",IFERROR(LEFT(TRIM(INDEX(Forms貼り付け!$A:$AZ,65,K$3)),1),"")) | L66: =IF(L$3="","",IFERROR(LEFT(TRIM(INDEX(Forms貼り付け!$A:$AZ,65,L$3)),1),"")) | M66: =IF(M$3="","",IFERROR(LEFT(TRIM(INDEX(Forms貼り付け!$A:$AZ,65,M$3)),1),"")) | ... BC66: =IF(BC$3="","",IFERROR(LEFT(TRIM(INDEX(Forms貼り付け!$A:$AZ,65,BC$3)),1),""))
A67: U063 | B67: =IF($B$3="","",INDEX(Forms貼り付け!$A:$AZ,66,$B$3)) | C67: =IF($C$3="","",INDEX(Forms貼り付け!$A:$AZ,66,$C$3)) | D67: =IF($D$3="","",INDEX(Forms貼り付け!$A:$AZ,66,$D$3)) | E67: =IF($E$3="","",INDEX(Forms貼り付け!$A:$AZ,66,$E$3)) | F67: =IF(F$3="","",IFERROR(LEFT(TRIM(INDEX(Forms貼り付け!$A:$AZ,66,F$3)),1),"")) | G67: =IF(G$3="","",IFERROR(LEFT(TRIM(INDEX(Forms貼り付け!$A:$AZ,66,G$3)),1),"")) | H67: =IF(H$3="","",IFERROR(LEFT(TRIM(INDEX(Forms貼り付け!$A:$AZ,66,H$3)),1),"")) | I67: =IF(I$3="","",IFERROR(LEFT(TRIM(INDEX(Forms貼り付け!$A:$AZ,66,I$3)),1),"")) | J67: =IF(J$3="","",IFERROR(LEFT(TRIM(INDEX(Forms貼り付け!$A:$AZ,66,J$3)),1),"")) | K67: =IF(K$3="","",IFERROR(LEFT(TRIM(INDEX(Forms貼り付け!$A:$AZ,66,K$3)),1),"")) | L67: =IF(L$3="","",IFERROR(LEFT(TRIM(INDEX(Forms貼り付け!$A:$AZ,66,L$3)),1),"")) | M67: =IF(M$3="","",IFERROR(LEFT(TRIM(INDEX(Forms貼り付け!$A:$AZ,66,M$3)),1),"")) | ... BC67: =IF(BC$3="","",IFERROR(LEFT(TRIM(INDEX(Forms貼り付け!$A:$AZ,66,BC$3)),1),""))
A68: U064 | B68: =IF($B$3="","",INDEX(Forms貼り付け!$A:$AZ,67,$B$3)) | C68: =IF($C$3="","",INDEX(Forms貼り付け!$A:$AZ,67,$C$3)) | D68: =IF($D$3="","",INDEX(Forms貼り付け!$A:$AZ,67,$D$3)) | E68: =IF($E$3="","",INDEX(Forms貼り付け!$A:$AZ,67,$E$3)) | F68: =IF(F$3="","",IFERROR(LEFT(TRIM(INDEX(Forms貼り付け!$A:$AZ,67,F$3)),1),"")) | G68: =IF(G$3="","",IFERROR(LEFT(TRIM(INDEX(Forms貼り付け!$A:$AZ,67,G$3)),1),"")) | H68: =IF(H$3="","",IFERROR(LEFT(TRIM(INDEX(Forms貼り付け!$A:$AZ,67,H$3)),1),"")) | I68: =IF(I$3="","",IFERROR(LEFT(TRIM(INDEX(Forms貼り付け!$A:$AZ,67,I$3)),1),"")) | J68: =IF(J$3="","",IFERROR(LEFT(TRIM(INDEX(Forms貼り付け!$A:$AZ,67,J$3)),1),"")) | K68: =IF(K$3="","",IFERROR(LEFT(TRIM(INDEX(Forms貼り付け!$A:$AZ,67,K$3)),1),"")) | L68: =IF(L$3="","",IFERROR(LEFT(TRIM(INDEX(Forms貼り付け!$A:$AZ,67,L$3)),1),"")) | M68: =IF(M$3="","",IFERROR(LEFT(TRIM(INDEX(Forms貼り付け!$A:$AZ,67,M$3)),1),"")) | ... BC68: =IF(BC$3="","",IFERROR(LEFT(TRIM(INDEX(Forms貼り付け!$A:$AZ,67,BC$3)),1),""))
A69: U065 | B69: =IF($B$3="","",INDEX(Forms貼り付け!$A:$AZ,68,$B$3)) | C69: =IF($C$3="","",INDEX(Forms貼り付け!$A:$AZ,68,$C$3)) | D69: =IF($D$3="","",INDEX(Forms貼り付け!$A:$AZ,68,$D$3)) | E69: =IF($E$3="","",INDEX(Forms貼り付け!$A:$AZ,68,$E$3)) | F69: =IF(F$3="","",IFERROR(LEFT(TRIM(INDEX(Forms貼り付け!$A:$AZ,68,F$3)),1),"")) | G69: =IF(G$3="","",IFERROR(LEFT(TRIM(INDEX(Forms貼り付け!$A:$AZ,68,G$3)),1),"")) | H69: =IF(H$3="","",IFERROR(LEFT(TRIM(INDEX(Forms貼り付け!$A:$AZ,68,H$3)),1),"")) | I69: =IF(I$3="","",IFERROR(LEFT(TRIM(INDEX(Forms貼り付け!$A:$AZ,68,I$3)),1),"")) | J69: =IF(J$3="","",IFERROR(LEFT(TRIM(INDEX(Forms貼り付け!$A:$AZ,68,J$3)),1),"")) | K69: =IF(K$3="","",IFERROR(LEFT(TRIM(INDEX(Forms貼り付け!$A:$AZ,68,K$3)),1),"")) | L69: =IF(L$3="","",IFERROR(LEFT(TRIM(INDEX(Forms貼り付け!$A:$AZ,68,L$3)),1),"")) | M69: =IF(M$3="","",IFERROR(LEFT(TRIM(INDEX(Forms貼り付け!$A:$AZ,68,M$3)),1),"")) | ... BC69: =IF(BC$3="","",IFERROR(LEFT(TRIM(INDEX(Forms貼り付け!$A:$AZ,68,BC$3)),1),""))
A70: U066 | B70: =IF($B$3="","",INDEX(Forms貼り付け!$A:$AZ,69,$B$3)) | C70: =IF($C$3="","",INDEX(Forms貼り付け!$A:$AZ,69,$C$3)) | D70: =IF($D$3="","",INDEX(Forms貼り付け!$A:$AZ,69,$D$3)) | E70: =IF($E$3="","",INDEX(Forms貼り付け!$A:$AZ,69,$E$3)) | F70: =IF(F$3="","",IFERROR(LEFT(TRIM(INDEX(Forms貼り付け!$A:$AZ,69,F$3)),1),"")) | G70: =IF(G$3="","",IFERROR(LEFT(TRIM(INDEX(Forms貼り付け!$A:$AZ,69,G$3)),1),"")) | H70: =IF(H$3="","",IFERROR(LEFT(TRIM(INDEX(Forms貼り付け!$A:$AZ,69,H$3)),1),"")) | I70: =IF(I$3="","",IFERROR(LEFT(TRIM(INDEX(Forms貼り付け!$A:$AZ,69,I$3)),1),"")) | J70: =IF(J$3="","",IFERROR(LEFT(TRIM(INDEX(Forms貼り付け!$A:$AZ,69,J$3)),1),"")) | K70: =IF(K$3="","",IFERROR(LEFT(TRIM(INDEX(Forms貼り付け!$A:$AZ,69,K$3)),1),"")) | L70: =IF(L$3="","",IFERROR(LEFT(TRIM(INDEX(Forms貼り付け!$A:$AZ,69,L$3)),1),"")) | M70: =IF(M$3="","",IFERROR(LEFT(TRIM(INDEX(Forms貼り付け!$A:$AZ,69,M$3)),1),"")) | ... BC70: =IF(BC$3="","",IFERROR(LEFT(TRIM(INDEX(Forms貼り付け!$A:$AZ,69,BC$3)),1),""))
A71: U067 | B71: =IF($B$3="","",INDEX(Forms貼り付け!$A:$AZ,70,$B$3)) | C71: =IF($C$3="","",INDEX(Forms貼り付け!$A:$AZ,70,$C$3)) | D71: =IF($D$3="","",INDEX(Forms貼り付け!$A:$AZ,70,$D$3)) | E71: =IF($E$3="","",INDEX(Forms貼り付け!$A:$AZ,70,$E$3)) | F71: =IF(F$3="","",IFERROR(LEFT(TRIM(INDEX(Forms貼り付け!$A:$AZ,70,F$3)),1),"")) | G71: =IF(G$3="","",IFERROR(LEFT(TRIM(INDEX(Forms貼り付け!$A:$AZ,70,G$3)),1),"")) | H71: =IF(H$3="","",IFERROR(LEFT(TRIM(INDEX(Forms貼り付け!$A:$AZ,70,H$3)),1),"")) | I71: =IF(I$3="","",IFERROR(LEFT(TRIM(INDEX(Forms貼り付け!$A:$AZ,70,I$3)),1),"")) | J71: =IF(J$3="","",IFERROR(LEFT(TRIM(INDEX(Forms貼り付け!$A:$AZ,70,J$3)),1),"")) | K71: =IF(K$3="","",IFERROR(LEFT(TRIM(INDEX(Forms貼り付け!$A:$AZ,70,K$3)),1),"")) | L71: =IF(L$3="","",IFERROR(LEFT(TRIM(INDEX(Forms貼り付け!$A:$AZ,70,L$3)),1),"")) | M71: =IF(M$3="","",IFERROR(LEFT(TRIM(INDEX(Forms貼り付け!$A:$AZ,70,M$3)),1),"")) | ... BC71: =IF(BC$3="","",IFERROR(LEFT(TRIM(INDEX(Forms貼り付け!$A:$AZ,70,BC$3)),1),""))
A72: U068 | B72: =IF($B$3="","",INDEX(Forms貼り付け!$A:$AZ,71,$B$3)) | C72: =IF($C$3="","",INDEX(Forms貼り付け!$A:$AZ,71,$C$3)) | D72: =IF($D$3="","",INDEX(Forms貼り付け!$A:$AZ,71,$D$3)) | E72: =IF($E$3="","",INDEX(Forms貼り付け!$A:$AZ,71,$E$3)) | F72: =IF(F$3="","",IFERROR(LEFT(TRIM(INDEX(Forms貼り付け!$A:$AZ,71,F$3)),1),"")) | G72: =IF(G$3="","",IFERROR(LEFT(TRIM(INDEX(Forms貼り付け!$A:$AZ,71,G$3)),1),"")) | H72: =IF(H$3="","",IFERROR(LEFT(TRIM(INDEX(Forms貼り付け!$A:$AZ,71,H$3)),1),"")) | I72: =IF(I$3="","",IFERROR(LEFT(TRIM(INDEX(Forms貼り付け!$A:$AZ,71,I$3)),1),"")) | J72: =IF(J$3="","",IFERROR(LEFT(TRIM(INDEX(Forms貼り付け!$A:$AZ,71,J$3)),1),"")) | K72: =IF(K$3="","",IFERROR(LEFT(TRIM(INDEX(Forms貼り付け!$A:$AZ,71,K$3)),1),"")) | L72: =IF(L$3="","",IFERROR(LEFT(TRIM(INDEX(Forms貼り付け!$A:$AZ,71,L$3)),1),"")) | M72: =IF(M$3="","",IFERROR(LEFT(TRIM(INDEX(Forms貼り付け!$A:$AZ,71,M$3)),1),"")) | ... BC72: =IF(BC$3="","",IFERROR(LEFT(TRIM(INDEX(Forms貼り付け!$A:$AZ,71,BC$3)),1),""))
A73: U069 | B73: =IF($B$3="","",INDEX(Forms貼り付け!$A:$AZ,72,$B$3)) | C73: =IF($C$3="","",INDEX(Forms貼り付け!$A:$AZ,72,$C$3)) | D73: =IF($D$3="","",INDEX(Forms貼り付け!$A:$AZ,72,$D$3)) | E73: =IF($E$3="","",INDEX(Forms貼り付け!$A:$AZ,72,$E$3)) | F73: =IF(F$3="","",IFERROR(LEFT(TRIM(INDEX(Forms貼り付け!$A:$AZ,72,F$3)),1),"")) | G73: =IF(G$3="","",IFERROR(LEFT(TRIM(INDEX(Forms貼り付け!$A:$AZ,72,G$3)),1),"")) | H73: =IF(H$3="","",IFERROR(LEFT(TRIM(INDEX(Forms貼り付け!$A:$AZ,72,H$3)),1),"")) | I73: =IF(I$3="","",IFERROR(LEFT(TRIM(INDEX(Forms貼り付け!$A:$AZ,72,I$3)),1),"")) | J73: =IF(J$3="","",IFERROR(LEFT(TRIM(INDEX(Forms貼り付け!$A:$AZ,72,J$3)),1),"")) | K73: =IF(K$3="","",IFERROR(LEFT(TRIM(INDEX(Forms貼り付け!$A:$AZ,72,K$3)),1),"")) | L73: =IF(L$3="","",IFERROR(LEFT(TRIM(INDEX(Forms貼り付け!$A:$AZ,72,L$3)),1),"")) | M73: =IF(M$3="","",IFERROR(LEFT(TRIM(INDEX(Forms貼り付け!$A:$AZ,72,M$3)),1),"")) | ... BC73: =IF(BC$3="","",IFERROR(LEFT(TRIM(INDEX(Forms貼り付け!$A:$AZ,72,BC$3)),1),""))
A74: U070 | B74: =IF($B$3="","",INDEX(Forms貼り付け!$A:$AZ,73,$B$3)) | C74: =IF($C$3="","",INDEX(Forms貼り付け!$A:$AZ,73,$C$3)) | D74: =IF($D$3="","",INDEX(Forms貼り付け!$A:$AZ,73,$D$3)) | E74: =IF($E$3="","",INDEX(Forms貼り付け!$A:$AZ,73,$E$3)) | F74: =IF(F$3="","",IFERROR(LEFT(TRIM(INDEX(Forms貼り付け!$A:$AZ,73,F$3)),1),"")) | G74: =IF(G$3="","",IFERROR(LEFT(TRIM(INDEX(Forms貼り付け!$A:$AZ,73,G$3)),1),"")) | H74: =IF(H$3="","",IFERROR(LEFT(TRIM(INDEX(Forms貼り付け!$A:$AZ,73,H$3)),1),"")) | I74: =IF(I$3="","",IFERROR(LEFT(TRIM(INDEX(Forms貼り付け!$A:$AZ,73,I$3)),1),"")) | J74: =IF(J$3="","",IFERROR(LEFT(TRIM(INDEX(Forms貼り付け!$A:$AZ,73,J$3)),1),"")) | K74: =IF(K$3="","",IFERROR(LEFT(TRIM(INDEX(Forms貼り付け!$A:$AZ,73,K$3)),1),"")) | L74: =IF(L$3="","",IFERROR(LEFT(TRIM(INDEX(Forms貼り付け!$A:$AZ,73,L$3)),1),"")) | M74: =IF(M$3="","",IFERROR(LEFT(TRIM(INDEX(Forms貼り付け!$A:$AZ,73,M$3)),1),"")) | ... BC74: =IF(BC$3="","",IFERROR(LEFT(TRIM(INDEX(Forms貼り付け!$A:$AZ,73,BC$3)),1),""))
A75: U071 | B75: =IF($B$3="","",INDEX(Forms貼り付け!$A:$AZ,74,$B$3)) | C75: =IF($C$3="","",INDEX(Forms貼り付け!$A:$AZ,74,$C$3)) | D75: =IF($D$3="","",INDEX(Forms貼り付け!$A:$AZ,74,$D$3)) | E75: =IF($E$3="","",INDEX(Forms貼り付け!$A:$AZ,74,$E$3)) | F75: =IF(F$3="","",IFERROR(LEFT(TRIM(INDEX(Forms貼り付け!$A:$AZ,74,F$3)),1),"")) | G75: =IF(G$3="","",IFERROR(LEFT(TRIM(INDEX(Forms貼り付け!$A:$AZ,74,G$3)),1),"")) | H75: =IF(H$3="","",IFERROR(LEFT(TRIM(INDEX(Forms貼り付け!$A:$AZ,74,H$3)),1),"")) | I75: =IF(I$3="","",IFERROR(LEFT(TRIM(INDEX(Forms貼り付け!$A:$AZ,74,I$3)),1),"")) | J75: =IF(J$3="","",IFERROR(LEFT(TRIM(INDEX(Forms貼り付け!$A:$AZ,74,J$3)),1),"")) | K75: =IF(K$3="","",IFERROR(LEFT(TRIM(INDEX(Forms貼り付け!$A:$AZ,74,K$3)),1),"")) | L75: =IF(L$3="","",IFERROR(LEFT(TRIM(INDEX(Forms貼り付け!$A:$AZ,74,L$3)),1),"")) | M75: =IF(M$3="","",IFERROR(LEFT(TRIM(INDEX(Forms貼り付け!$A:$AZ,74,M$3)),1),"")) | ... BC75: =IF(BC$3="","",IFERROR(LEFT(TRIM(INDEX(Forms貼り付け!$A:$AZ,74,BC$3)),1),""))
A76: U072 | B76: =IF($B$3="","",INDEX(Forms貼り付け!$A:$AZ,75,$B$3)) | C76: =IF($C$3="","",INDEX(Forms貼り付け!$A:$AZ,75,$C$3)) | D76: =IF($D$3="","",INDEX(Forms貼り付け!$A:$AZ,75,$D$3)) | E76: =IF($E$3="","",INDEX(Forms貼り付け!$A:$AZ,75,$E$3)) | F76: =IF(F$3="","",IFERROR(LEFT(TRIM(INDEX(Forms貼り付け!$A:$AZ,75,F$3)),1),"")) | G76: =IF(G$3="","",IFERROR(LEFT(TRIM(INDEX(Forms貼り付け!$A:$AZ,75,G$3)),1),"")) | H76: =IF(H$3="","",IFERROR(LEFT(TRIM(INDEX(Forms貼り付け!$A:$AZ,75,H$3)),1),"")) | I76: =IF(I$3="","",IFERROR(LEFT(TRIM(INDEX(Forms貼り付け!$A:$AZ,75,I$3)),1),"")) | J76: =IF(J$3="","",IFERROR(LEFT(TRIM(INDEX(Forms貼り付け!$A:$AZ,75,J$3)),1),"")) | K76: =IF(K$3="","",IFERROR(LEFT(TRIM(INDEX(Forms貼り付け!$A:$AZ,75,K$3)),1),"")) | L76: =IF(L$3="","",IFERROR(LEFT(TRIM(INDEX(Forms貼り付け!$A:$AZ,75,L$3)),1),"")) | M76: =IF(M$3="","",IFERROR(LEFT(TRIM(INDEX(Forms貼り付け!$A:$AZ,75,M$3)),1),"")) | ... BC76: =IF(BC$3="","",IFERROR(LEFT(TRIM(INDEX(Forms貼り付け!$A:$AZ,75,BC$3)),1),""))
A77: U073 | B77: =IF($B$3="","",INDEX(Forms貼り付け!$A:$AZ,76,$B$3)) | C77: =IF($C$3="","",INDEX(Forms貼り付け!$A:$AZ,76,$C$3)) | D77: =IF($D$3="","",INDEX(Forms貼り付け!$A:$AZ,76,$D$3)) | E77: =IF($E$3="","",INDEX(Forms貼り付け!$A:$AZ,76,$E$3)) | F77: =IF(F$3="","",IFERROR(LEFT(TRIM(INDEX(Forms貼り付け!$A:$AZ,76,F$3)),1),"")) | G77: =IF(G$3="","",IFERROR(LEFT(TRIM(INDEX(Forms貼り付け!$A:$AZ,76,G$3)),1),"")) | H77: =IF(H$3="","",IFERROR(LEFT(TRIM(INDEX(Forms貼り付け!$A:$AZ,76,H$3)),1),"")) | I77: =IF(I$3="","",IFERROR(LEFT(TRIM(INDEX(Forms貼り付け!$A:$AZ,76,I$3)),1),"")) | J77: =IF(J$3="","",IFERROR(LEFT(TRIM(INDEX(Forms貼り付け!$A:$AZ,76,J$3)),1),"")) | K77: =IF(K$3="","",IFERROR(LEFT(TRIM(INDEX(Forms貼り付け!$A:$AZ,76,K$3)),1),"")) | L77: =IF(L$3="","",IFERROR(LEFT(TRIM(INDEX(Forms貼り付け!$A:$AZ,76,L$3)),1),"")) | M77: =IF(M$3="","",IFERROR(LEFT(TRIM(INDEX(Forms貼り付け!$A:$AZ,76,M$3)),1),"")) | ... BC77: =IF(BC$3="","",IFERROR(LEFT(TRIM(INDEX(Forms貼り付け!$A:$AZ,76,BC$3)),1),""))
A78: U074 | B78: =IF($B$3="","",INDEX(Forms貼り付け!$A:$AZ,77,$B$3)) | C78: =IF($C$3="","",INDEX(Forms貼り付け!$A:$AZ,77,$C$3)) | D78: =IF($D$3="","",INDEX(Forms貼り付け!$A:$AZ,77,$D$3)) | E78: =IF($E$3="","",INDEX(Forms貼り付け!$A:$AZ,77,$E$3)) | F78: =IF(F$3="","",IFERROR(LEFT(TRIM(INDEX(Forms貼り付け!$A:$AZ,77,F$3)),1),"")) | G78: =IF(G$3="","",IFERROR(LEFT(TRIM(INDEX(Forms貼り付け!$A:$AZ,77,G$3)),1),"")) | H78: =IF(H$3="","",IFERROR(LEFT(TRIM(INDEX(Forms貼り付け!$A:$AZ,77,H$3)),1),"")) | I78: =IF(I$3="","",IFERROR(LEFT(TRIM(INDEX(Forms貼り付け!$A:$AZ,77,I$3)),1),"")) | J78: =IF(J$3="","",IFERROR(LEFT(TRIM(INDEX(Forms貼り付け!$A:$AZ,77,J$3)),1),"")) | K78: =IF(K$3="","",IFERROR(LEFT(TRIM(INDEX(Forms貼り付け!$A:$AZ,77,K$3)),1),"")) | L78: =IF(L$3="","",IFERROR(LEFT(TRIM(INDEX(Forms貼り付け!$A:$AZ,77,L$3)),1),"")) | M78: =IF(M$3="","",IFERROR(LEFT(TRIM(INDEX(Forms貼り付け!$A:$AZ,77,M$3)),1),"")) | ... BC78: =IF(BC$3="","",IFERROR(LEFT(TRIM(INDEX(Forms貼り付け!$A:$AZ,77,BC$3)),1),""))
A79: U075 | B79: =IF($B$3="","",INDEX(Forms貼り付け!$A:$AZ,78,$B$3)) | C79: =IF($C$3="","",INDEX(Forms貼り付け!$A:$AZ,78,$C$3)) | D79: =IF($D$3="","",INDEX(Forms貼り付け!$A:$AZ,78,$D$3)) | E79: =IF($E$3="","",INDEX(Forms貼り付け!$A:$AZ,78,$E$3)) | F79: =IF(F$3="","",IFERROR(LEFT(TRIM(INDEX(Forms貼り付け!$A:$AZ,78,F$3)),1),"")) | G79: =IF(G$3="","",IFERROR(LEFT(TRIM(INDEX(Forms貼り付け!$A:$AZ,78,G$3)),1),"")) | H79: =IF(H$3="","",IFERROR(LEFT(TRIM(INDEX(Forms貼り付け!$A:$AZ,78,H$3)),1),"")) | I79: =IF(I$3="","",IFERROR(LEFT(TRIM(INDEX(Forms貼り付け!$A:$AZ,78,I$3)),1),"")) | J79: =IF(J$3="","",IFERROR(LEFT(TRIM(INDEX(Forms貼り付け!$A:$AZ,78,J$3)),1),"")) | K79: =IF(K$3="","",IFERROR(LEFT(TRIM(INDEX(Forms貼り付け!$A:$AZ,78,K$3)),1),"")) | L79: =IF(L$3="","",IFERROR(LEFT(TRIM(INDEX(Forms貼り付け!$A:$AZ,78,L$3)),1),"")) | M79: =IF(M$3="","",IFERROR(LEFT(TRIM(INDEX(Forms貼り付け!$A:$AZ,78,M$3)),1),"")) | ... BC79: =IF(BC$3="","",IFERROR(LEFT(TRIM(INDEX(Forms貼り付け!$A:$AZ,78,BC$3)),1),""))
A80: U076 | B80: =IF($B$3="","",INDEX(Forms貼り付け!$A:$AZ,79,$B$3)) | C80: =IF($C$3="","",INDEX(Forms貼り付け!$A:$AZ,79,$C$3)) | D80: =IF($D$3="","",INDEX(Forms貼り付け!$A:$AZ,79,$D$3)) | E80: =IF($E$3="","",INDEX(Forms貼り付け!$A:$AZ,79,$E$3)) | F80: =IF(F$3="","",IFERROR(LEFT(TRIM(INDEX(Forms貼り付け!$A:$AZ,79,F$3)),1),"")) | G80: =IF(G$3="","",IFERROR(LEFT(TRIM(INDEX(Forms貼り付け!$A:$AZ,79,G$3)),1),"")) | H80: =IF(H$3="","",IFERROR(LEFT(TRIM(INDEX(Forms貼り付け!$A:$AZ,79,H$3)),1),"")) | I80: =IF(I$3="","",IFERROR(LEFT(TRIM(INDEX(Forms貼り付け!$A:$AZ,79,I$3)),1),"")) | J80: =IF(J$3="","",IFERROR(LEFT(TRIM(INDEX(Forms貼り付け!$A:$AZ,79,J$3)),1),"")) | K80: =IF(K$3="","",IFERROR(LEFT(TRIM(INDEX(Forms貼り付け!$A:$AZ,79,K$3)),1),"")) | L80: =IF(L$3="","",IFERROR(LEFT(TRIM(INDEX(Forms貼り付け!$A:$AZ,79,L$3)),1),"")) | M80: =IF(M$3="","",IFERROR(LEFT(TRIM(INDEX(Forms貼り付け!$A:$AZ,79,M$3)),1),"")) | ... BC80: =IF(BC$3="","",IFERROR(LEFT(TRIM(INDEX(Forms貼り付け!$A:$AZ,79,BC$3)),1),""))
A81: U077 | B81: =IF($B$3="","",INDEX(Forms貼り付け!$A:$AZ,80,$B$3)) | C81: =IF($C$3="","",INDEX(Forms貼り付け!$A:$AZ,80,$C$3)) | D81: =IF($D$3="","",INDEX(Forms貼り付け!$A:$AZ,80,$D$3)) | E81: =IF($E$3="","",INDEX(Forms貼り付け!$A:$AZ,80,$E$3)) | F81: =IF(F$3="","",IFERROR(LEFT(TRIM(INDEX(Forms貼り付け!$A:$AZ,80,F$3)),1),"")) | G81: =IF(G$3="","",IFERROR(LEFT(TRIM(INDEX(Forms貼り付け!$A:$AZ,80,G$3)),1),"")) | H81: =IF(H$3="","",IFERROR(LEFT(TRIM(INDEX(Forms貼り付け!$A:$AZ,80,H$3)),1),"")) | I81: =IF(I$3="","",IFERROR(LEFT(TRIM(INDEX(Forms貼り付け!$A:$AZ,80,I$3)),1),"")) | J81: =IF(J$3="","",IFERROR(LEFT(TRIM(INDEX(Forms貼り付け!$A:$AZ,80,J$3)),1),"")) | K81: =IF(K$3="","",IFERROR(LEFT(TRIM(INDEX(Forms貼り付け!$A:$AZ,80,K$3)),1),"")) | L81: =IF(L$3="","",IFERROR(LEFT(TRIM(INDEX(Forms貼り付け!$A:$AZ,80,L$3)),1),"")) | M81: =IF(M$3="","",IFERROR(LEFT(TRIM(INDEX(Forms貼り付け!$A:$AZ,80,M$3)),1),"")) | ... BC81: =IF(BC$3="","",IFERROR(LEFT(TRIM(INDEX(Forms貼り付け!$A:$AZ,80,BC$3)),1),""))
A82: U078 | B82: =IF($B$3="","",INDEX(Forms貼り付け!$A:$AZ,81,$B$3)) | C82: =IF($C$3="","",INDEX(Forms貼り付け!$A:$AZ,81,$C$3)) | D82: =IF($D$3="","",INDEX(Forms貼り付け!$A:$AZ,81,$D$3)) | E82: =IF($E$3="","",INDEX(Forms貼り付け!$A:$AZ,81,$E$3)) | F82: =IF(F$3="","",IFERROR(LEFT(TRIM(INDEX(Forms貼り付け!$A:$AZ,81,F$3)),1),"")) | G82: =IF(G$3="","",IFERROR(LEFT(TRIM(INDEX(Forms貼り付け!$A:$AZ,81,G$3)),1),"")) | H82: =IF(H$3="","",IFERROR(LEFT(TRIM(INDEX(Forms貼り付け!$A:$AZ,81,H$3)),1),"")) | I82: =IF(I$3="","",IFERROR(LEFT(TRIM(INDEX(Forms貼り付け!$A:$AZ,81,I$3)),1),"")) | J82: =IF(J$3="","",IFERROR(LEFT(TRIM(INDEX(Forms貼り付け!$A:$AZ,81,J$3)),1),"")) | K82: =IF(K$3="","",IFERROR(LEFT(TRIM(INDEX(Forms貼り付け!$A:$AZ,81,K$3)),1),"")) | L82: =IF(L$3="","",IFERROR(LEFT(TRIM(INDEX(Forms貼り付け!$A:$AZ,81,L$3)),1),"")) | M82: =IF(M$3="","",IFERROR(LEFT(TRIM(INDEX(Forms貼り付け!$A:$AZ,81,M$3)),1),"")) | ... BC82: =IF(BC$3="","",IFERROR(LEFT(TRIM(INDEX(Forms貼り付け!$A:$AZ,81,BC$3)),1),""))
A83: U079 | B83: =IF($B$3="","",INDEX(Forms貼り付け!$A:$AZ,82,$B$3)) | C83: =IF($C$3="","",INDEX(Forms貼り付け!$A:$AZ,82,$C$3)) | D83: =IF($D$3="","",INDEX(Forms貼り付け!$A:$AZ,82,$D$3)) | E83: =IF($E$3="","",INDEX(Forms貼り付け!$A:$AZ,82,$E$3)) | F83: =IF(F$3="","",IFERROR(LEFT(TRIM(INDEX(Forms貼り付け!$A:$AZ,82,F$3)),1),"")) | G83: =IF(G$3="","",IFERROR(LEFT(TRIM(INDEX(Forms貼り付け!$A:$AZ,82,G$3)),1),"")) | H83: =IF(H$3="","",IFERROR(LEFT(TRIM(INDEX(Forms貼り付け!$A:$AZ,82,H$3)),1),"")) | I83: =IF(I$3="","",IFERROR(LEFT(TRIM(INDEX(Forms貼り付け!$A:$AZ,82,I$3)),1),"")) | J83: =IF(J$3="","",IFERROR(LEFT(TRIM(INDEX(Forms貼り付け!$A:$AZ,82,J$3)),1),"")) | K83: =IF(K$3="","",IFERROR(LEFT(TRIM(INDEX(Forms貼り付け!$A:$AZ,82,K$3)),1),"")) | L83: =IF(L$3="","",IFERROR(LEFT(TRIM(INDEX(Forms貼り付け!$A:$AZ,82,L$3)),1),"")) | M83: =IF(M$3="","",IFERROR(LEFT(TRIM(INDEX(Forms貼り付け!$A:$AZ,82,M$3)),1),"")) | ... BC83: =IF(BC$3="","",IFERROR(LEFT(TRIM(INDEX(Forms貼り付け!$A:$AZ,82,BC$3)),1),""))
A84: U080 | B84: =IF($B$3="","",INDEX(Forms貼り付け!$A:$AZ,83,$B$3)) | C84: =IF($C$3="","",INDEX(Forms貼り付け!$A:$AZ,83,$C$3)) | D84: =IF($D$3="","",INDEX(Forms貼り付け!$A:$AZ,83,$D$3)) | E84: =IF($E$3="","",INDEX(Forms貼り付け!$A:$AZ,83,$E$3)) | F84: =IF(F$3="","",IFERROR(LEFT(TRIM(INDEX(Forms貼り付け!$A:$AZ,83,F$3)),1),"")) | G84: =IF(G$3="","",IFERROR(LEFT(TRIM(INDEX(Forms貼り付け!$A:$AZ,83,G$3)),1),"")) | H84: =IF(H$3="","",IFERROR(LEFT(TRIM(INDEX(Forms貼り付け!$A:$AZ,83,H$3)),1),"")) | I84: =IF(I$3="","",IFERROR(LEFT(TRIM(INDEX(Forms貼り付け!$A:$AZ,83,I$3)),1),"")) | J84: =IF(J$3="","",IFERROR(LEFT(TRIM(INDEX(Forms貼り付け!$A:$AZ,83,J$3)),1),"")) | K84: =IF(K$3="","",IFERROR(LEFT(TRIM(INDEX(Forms貼り付け!$A:$AZ,83,K$3)),1),"")) | L84: =IF(L$3="","",IFERROR(LEFT(TRIM(INDEX(Forms貼り付け!$A:$AZ,83,L$3)),1),"")) | M84: =IF(M$3="","",IFERROR(LEFT(TRIM(INDEX(Forms貼り付け!$A:$AZ,83,M$3)),1),"")) | ... BC84: =IF(BC$3="","",IFERROR(LEFT(TRIM(INDEX(Forms貼り付け!$A:$AZ,83,BC$3)),1),""))
A85: U081 | B85: =IF($B$3="","",INDEX(Forms貼り付け!$A:$AZ,84,$B$3)) | C85: =IF($C$3="","",INDEX(Forms貼り付け!$A:$AZ,84,$C$3)) | D85: =IF($D$3="","",INDEX(Forms貼り付け!$A:$AZ,84,$D$3)) | E85: =IF($E$3="","",INDEX(Forms貼り付け!$A:$AZ,84,$E$3)) | F85: =IF(F$3="","",IFERROR(LEFT(TRIM(INDEX(Forms貼り付け!$A:$AZ,84,F$3)),1),"")) | G85: =IF(G$3="","",IFERROR(LEFT(TRIM(INDEX(Forms貼り付け!$A:$AZ,84,G$3)),1),"")) | H85: =IF(H$3="","",IFERROR(LEFT(TRIM(INDEX(Forms貼り付け!$A:$AZ,84,H$3)),1),"")) | I85: =IF(I$3="","",IFERROR(LEFT(TRIM(INDEX(Forms貼り付け!$A:$AZ,84,I$3)),1),"")) | J85: =IF(J$3="","",IFERROR(LEFT(TRIM(INDEX(Forms貼り付け!$A:$AZ,84,J$3)),1),"")) | K85: =IF(K$3="","",IFERROR(LEFT(TRIM(INDEX(Forms貼り付け!$A:$AZ,84,K$3)),1),"")) | L85: =IF(L$3="","",IFERROR(LEFT(TRIM(INDEX(Forms貼り付け!$A:$AZ,84,L$3)),1),"")) | M85: =IF(M$3="","",IFERROR(LEFT(TRIM(INDEX(Forms貼り付け!$A:$AZ,84,M$3)),1),"")) | ... BC85: =IF(BC$3="","",IFERROR(LEFT(TRIM(INDEX(Forms貼り付け!$A:$AZ,84,BC$3)),1),""))
A86: U082 | B86: =IF($B$3="","",INDEX(Forms貼り付け!$A:$AZ,85,$B$3)) | C86: =IF($C$3="","",INDEX(Forms貼り付け!$A:$AZ,85,$C$3)) | D86: =IF($D$3="","",INDEX(Forms貼り付け!$A:$AZ,85,$D$3)) | E86: =IF($E$3="","",INDEX(Forms貼り付け!$A:$AZ,85,$E$3)) | F86: =IF(F$3="","",IFERROR(LEFT(TRIM(INDEX(Forms貼り付け!$A:$AZ,85,F$3)),1),"")) | G86: =IF(G$3="","",IFERROR(LEFT(TRIM(INDEX(Forms貼り付け!$A:$AZ,85,G$3)),1),"")) | H86: =IF(H$3="","",IFERROR(LEFT(TRIM(INDEX(Forms貼り付け!$A:$AZ,85,H$3)),1),"")) | I86: =IF(I$3="","",IFERROR(LEFT(TRIM(INDEX(Forms貼り付け!$A:$AZ,85,I$3)),1),"")) | J86: =IF(J$3="","",IFERROR(LEFT(TRIM(INDEX(Forms貼り付け!$A:$AZ,85,J$3)),1),"")) | K86: =IF(K$3="","",IFERROR(LEFT(TRIM(INDEX(Forms貼り付け!$A:$AZ,85,K$3)),1),"")) | L86: =IF(L$3="","",IFERROR(LEFT(TRIM(INDEX(Forms貼り付け!$A:$AZ,85,L$3)),1),"")) | M86: =IF(M$3="","",IFERROR(LEFT(TRIM(INDEX(Forms貼り付け!$A:$AZ,85,M$3)),1),"")) | ... BC86: =IF(BC$3="","",IFERROR(LEFT(TRIM(INDEX(Forms貼り付け!$A:$AZ,85,BC$3)),1),""))
A87: U083 | B87: =IF($B$3="","",INDEX(Forms貼り付け!$A:$AZ,86,$B$3)) | C87: =IF($C$3="","",INDEX(Forms貼り付け!$A:$AZ,86,$C$3)) | D87: =IF($D$3="","",INDEX(Forms貼り付け!$A:$AZ,86,$D$3)) | E87: =IF($E$3="","",INDEX(Forms貼り付け!$A:$AZ,86,$E$3)) | F87: =IF(F$3="","",IFERROR(LEFT(TRIM(INDEX(Forms貼り付け!$A:$AZ,86,F$3)),1),"")) | G87: =IF(G$3="","",IFERROR(LEFT(TRIM(INDEX(Forms貼り付け!$A:$AZ,86,G$3)),1),"")) | H87: =IF(H$3="","",IFERROR(LEFT(TRIM(INDEX(Forms貼り付け!$A:$AZ,86,H$3)),1),"")) | I87: =IF(I$3="","",IFERROR(LEFT(TRIM(INDEX(Forms貼り付け!$A:$AZ,86,I$3)),1),"")) | J87: =IF(J$3="","",IFERROR(LEFT(TRIM(INDEX(Forms貼り付け!$A:$AZ,86,J$3)),1),"")) | K87: =IF(K$3="","",IFERROR(LEFT(TRIM(INDEX(Forms貼り付け!$A:$AZ,86,K$3)),1),"")) | L87: =IF(L$3="","",IFERROR(LEFT(TRIM(INDEX(Forms貼り付け!$A:$AZ,86,L$3)),1),"")) | M87: =IF(M$3="","",IFERROR(LEFT(TRIM(INDEX(Forms貼り付け!$A:$AZ,86,M$3)),1),"")) | ... BC87: =IF(BC$3="","",IFERROR(LEFT(TRIM(INDEX(Forms貼り付け!$A:$AZ,86,BC$3)),1),""))
A88: U084 | B88: =IF($B$3="","",INDEX(Forms貼り付け!$A:$AZ,87,$B$3)) | C88: =IF($C$3="","",INDEX(Forms貼り付け!$A:$AZ,87,$C$3)) | D88: =IF($D$3="","",INDEX(Forms貼り付け!$A:$AZ,87,$D$3)) | E88: =IF($E$3="","",INDEX(Forms貼り付け!$A:$AZ,87,$E$3)) | F88: =IF(F$3="","",IFERROR(LEFT(TRIM(INDEX(Forms貼り付け!$A:$AZ,87,F$3)),1),"")) | G88: =IF(G$3="","",IFERROR(LEFT(TRIM(INDEX(Forms貼り付け!$A:$AZ,87,G$3)),1),"")) | H88: =IF(H$3="","",IFERROR(LEFT(TRIM(INDEX(Forms貼り付け!$A:$AZ,87,H$3)),1),"")) | I88: =IF(I$3="","",IFERROR(LEFT(TRIM(INDEX(Forms貼り付け!$A:$AZ,87,I$3)),1),"")) | J88: =IF(J$3="","",IFERROR(LEFT(TRIM(INDEX(Forms貼り付け!$A:$AZ,87,J$3)),1),"")) | K88: =IF(K$3="","",IFERROR(LEFT(TRIM(INDEX(Forms貼り付け!$A:$AZ,87,K$3)),1),"")) | L88: =IF(L$3="","",IFERROR(LEFT(TRIM(INDEX(Forms貼り付け!$A:$AZ,87,L$3)),1),"")) | M88: =IF(M$3="","",IFERROR(LEFT(TRIM(INDEX(Forms貼り付け!$A:$AZ,87,M$3)),1),"")) | ... BC88: =IF(BC$3="","",IFERROR(LEFT(TRIM(INDEX(Forms貼り付け!$A:$AZ,87,BC$3)),1),""))
A89: U085 | B89: =IF($B$3="","",INDEX(Forms貼り付け!$A:$AZ,88,$B$3)) | C89: =IF($C$3="","",INDEX(Forms貼り付け!$A:$AZ,88,$C$3)) | D89: =IF($D$3="","",INDEX(Forms貼り付け!$A:$AZ,88,$D$3)) | E89: =IF($E$3="","",INDEX(Forms貼り付け!$A:$AZ,88,$E$3)) | F89: =IF(F$3="","",IFERROR(LEFT(TRIM(INDEX(Forms貼り付け!$A:$AZ,88,F$3)),1),"")) | G89: =IF(G$3="","",IFERROR(LEFT(TRIM(INDEX(Forms貼り付け!$A:$AZ,88,G$3)),1),"")) | H89: =IF(H$3="","",IFERROR(LEFT(TRIM(INDEX(Forms貼り付け!$A:$AZ,88,H$3)),1),"")) | I89: =IF(I$3="","",IFERROR(LEFT(TRIM(INDEX(Forms貼り付け!$A:$AZ,88,I$3)),1),"")) | J89: =IF(J$3="","",IFERROR(LEFT(TRIM(INDEX(Forms貼り付け!$A:$AZ,88,J$3)),1),"")) | K89: =IF(K$3="","",IFERROR(LEFT(TRIM(INDEX(Forms貼り付け!$A:$AZ,88,K$3)),1),"")) | L89: =IF(L$3="","",IFERROR(LEFT(TRIM(INDEX(Forms貼り付け!$A:$AZ,88,L$3)),1),"")) | M89: =IF(M$3="","",IFERROR(LEFT(TRIM(INDEX(Forms貼り付け!$A:$AZ,88,M$3)),1),"")) | ... BC89: =IF(BC$3="","",IFERROR(LEFT(TRIM(INDEX(Forms貼り付け!$A:$AZ,88,BC$3)),1),""))
A90: U086 | B90: =IF($B$3="","",INDEX(Forms貼り付け!$A:$AZ,89,$B$3)) | C90: =IF($C$3="","",INDEX(Forms貼り付け!$A:$AZ,89,$C$3)) | D90: =IF($D$3="","",INDEX(Forms貼り付け!$A:$AZ,89,$D$3)) | E90: =IF($E$3="","",INDEX(Forms貼り付け!$A:$AZ,89,$E$3)) | F90: =IF(F$3="","",IFERROR(LEFT(TRIM(INDEX(Forms貼り付け!$A:$AZ,89,F$3)),1),"")) | G90: =IF(G$3="","",IFERROR(LEFT(TRIM(INDEX(Forms貼り付け!$A:$AZ,89,G$3)),1),"")) | H90: =IF(H$3="","",IFERROR(LEFT(TRIM(INDEX(Forms貼り付け!$A:$AZ,89,H$3)),1),"")) | I90: =IF(I$3="","",IFERROR(LEFT(TRIM(INDEX(Forms貼り付け!$A:$AZ,89,I$3)),1),"")) | J90: =IF(J$3="","",IFERROR(LEFT(TRIM(INDEX(Forms貼り付け!$A:$AZ,89,J$3)),1),"")) | K90: =IF(K$3="","",IFERROR(LEFT(TRIM(INDEX(Forms貼り付け!$A:$AZ,89,K$3)),1),"")) | L90: =IF(L$3="","",IFERROR(LEFT(TRIM(INDEX(Forms貼り付け!$A:$AZ,89,L$3)),1),"")) | M90: =IF(M$3="","",IFERROR(LEFT(TRIM(INDEX(Forms貼り付け!$A:$AZ,89,M$3)),1),"")) | ... BC90: =IF(BC$3="","",IFERROR(LEFT(TRIM(INDEX(Forms貼り付け!$A:$AZ,89,BC$3)),1),""))
A91: U087 | B91: =IF($B$3="","",INDEX(Forms貼り付け!$A:$AZ,90,$B$3)) | C91: =IF($C$3="","",INDEX(Forms貼り付け!$A:$AZ,90,$C$3)) | D91: =IF($D$3="","",INDEX(Forms貼り付け!$A:$AZ,90,$D$3)) | E91: =IF($E$3="","",INDEX(Forms貼り付け!$A:$AZ,90,$E$3)) | F91: =IF(F$3="","",IFERROR(LEFT(TRIM(INDEX(Forms貼り付け!$A:$AZ,90,F$3)),1),"")) | G91: =IF(G$3="","",IFERROR(LEFT(TRIM(INDEX(Forms貼り付け!$A:$AZ,90,G$3)),1),"")) | H91: =IF(H$3="","",IFERROR(LEFT(TRIM(INDEX(Forms貼り付け!$A:$AZ,90,H$3)),1),"")) | I91: =IF(I$3="","",IFERROR(LEFT(TRIM(INDEX(Forms貼り付け!$A:$AZ,90,I$3)),1),"")) | J91: =IF(J$3="","",IFERROR(LEFT(TRIM(INDEX(Forms貼り付け!$A:$AZ,90,J$3)),1),"")) | K91: =IF(K$3="","",IFERROR(LEFT(TRIM(INDEX(Forms貼り付け!$A:$AZ,90,K$3)),1),"")) | L91: =IF(L$3="","",IFERROR(LEFT(TRIM(INDEX(Forms貼り付け!$A:$AZ,90,L$3)),1),"")) | M91: =IF(M$3="","",IFERROR(LEFT(TRIM(INDEX(Forms貼り付け!$A:$AZ,90,M$3)),1),"")) | ... BC91: =IF(BC$3="","",IFERROR(LEFT(TRIM(INDEX(Forms貼り付け!$A:$AZ,90,BC$3)),1),""))
A92: U088 | B92: =IF($B$3="","",INDEX(Forms貼り付け!$A:$AZ,91,$B$3)) | C92: =IF($C$3="","",INDEX(Forms貼り付け!$A:$AZ,91,$C$3)) | D92: =IF($D$3="","",INDEX(Forms貼り付け!$A:$AZ,91,$D$3)) | E92: =IF($E$3="","",INDEX(Forms貼り付け!$A:$AZ,91,$E$3)) | F92: =IF(F$3="","",IFERROR(LEFT(TRIM(INDEX(Forms貼り付け!$A:$AZ,91,F$3)),1),"")) | G92: =IF(G$3="","",IFERROR(LEFT(TRIM(INDEX(Forms貼り付け!$A:$AZ,91,G$3)),1),"")) | H92: =IF(H$3="","",IFERROR(LEFT(TRIM(INDEX(Forms貼り付け!$A:$AZ,91,H$3)),1),"")) | I92: =IF(I$3="","",IFERROR(LEFT(TRIM(INDEX(Forms貼り付け!$A:$AZ,91,I$3)),1),"")) | J92: =IF(J$3="","",IFERROR(LEFT(TRIM(INDEX(Forms貼り付け!$A:$AZ,91,J$3)),1),"")) | K92: =IF(K$3="","",IFERROR(LEFT(TRIM(INDEX(Forms貼り付け!$A:$AZ,91,K$3)),1),"")) | L92: =IF(L$3="","",IFERROR(LEFT(TRIM(INDEX(Forms貼り付け!$A:$AZ,91,L$3)),1),"")) | M92: =IF(M$3="","",IFERROR(LEFT(TRIM(INDEX(Forms貼り付け!$A:$AZ,91,M$3)),1),"")) | ... BC92: =IF(BC$3="","",IFERROR(LEFT(TRIM(INDEX(Forms貼り付け!$A:$AZ,91,BC$3)),1),""))
A93: U089 | B93: =IF($B$3="","",INDEX(Forms貼り付け!$A:$AZ,92,$B$3)) | C93: =IF($C$3="","",INDEX(Forms貼り付け!$A:$AZ,92,$C$3)) | D93: =IF($D$3="","",INDEX(Forms貼り付け!$A:$AZ,92,$D$3)) | E93: =IF($E$3="","",INDEX(Forms貼り付け!$A:$AZ,92,$E$3)) | F93: =IF(F$3="","",IFERROR(LEFT(TRIM(INDEX(Forms貼り付け!$A:$AZ,92,F$3)),1),"")) | G93: =IF(G$3="","",IFERROR(LEFT(TRIM(INDEX(Forms貼り付け!$A:$AZ,92,G$3)),1),"")) | H93: =IF(H$3="","",IFERROR(LEFT(TRIM(INDEX(Forms貼り付け!$A:$AZ,92,H$3)),1),"")) | I93: =IF(I$3="","",IFERROR(LEFT(TRIM(INDEX(Forms貼り付け!$A:$AZ,92,I$3)),1),"")) | J93: =IF(J$3="","",IFERROR(LEFT(TRIM(INDEX(Forms貼り付け!$A:$AZ,92,J$3)),1),"")) | K93: =IF(K$3="","",IFERROR(LEFT(TRIM(INDEX(Forms貼り付け!$A:$AZ,92,K$3)),1),"")) | L93: =IF(L$3="","",IFERROR(LEFT(TRIM(INDEX(Forms貼り付け!$A:$AZ,92,L$3)),1),"")) | M93: =IF(M$3="","",IFERROR(LEFT(TRIM(INDEX(Forms貼り付け!$A:$AZ,92,M$3)),1),"")) | ... BC93: =IF(BC$3="","",IFERROR(LEFT(TRIM(INDEX(Forms貼り付け!$A:$AZ,92,BC$3)),1),""))
A94: U090 | B94: =IF($B$3="","",INDEX(Forms貼り付け!$A:$AZ,93,$B$3)) | C94: =IF($C$3="","",INDEX(Forms貼り付け!$A:$AZ,93,$C$3)) | D94: =IF($D$3="","",INDEX(Forms貼り付け!$A:$AZ,93,$D$3)) | E94: =IF($E$3="","",INDEX(Forms貼り付け!$A:$AZ,93,$E$3)) | F94: =IF(F$3="","",IFERROR(LEFT(TRIM(INDEX(Forms貼り付け!$A:$AZ,93,F$3)),1),"")) | G94: =IF(G$3="","",IFERROR(LEFT(TRIM(INDEX(Forms貼り付け!$A:$AZ,93,G$3)),1),"")) | H94: =IF(H$3="","",IFERROR(LEFT(TRIM(INDEX(Forms貼り付け!$A:$AZ,93,H$3)),1),"")) | I94: =IF(I$3="","",IFERROR(LEFT(TRIM(INDEX(Forms貼り付け!$A:$AZ,93,I$3)),1),"")) | J94: =IF(J$3="","",IFERROR(LEFT(TRIM(INDEX(Forms貼り付け!$A:$AZ,93,J$3)),1),"")) | K94: =IF(K$3="","",IFERROR(LEFT(TRIM(INDEX(Forms貼り付け!$A:$AZ,93,K$3)),1),"")) | L94: =IF(L$3="","",IFERROR(LEFT(TRIM(INDEX(Forms貼り付け!$A:$AZ,93,L$3)),1),"")) | M94: =IF(M$3="","",IFERROR(LEFT(TRIM(INDEX(Forms貼り付け!$A:$AZ,93,M$3)),1),"")) | ... BC94: =IF(BC$3="","",IFERROR(LEFT(TRIM(INDEX(Forms貼り付け!$A:$AZ,93,BC$3)),1),""))
A95: U091 | B95: =IF($B$3="","",INDEX(Forms貼り付け!$A:$AZ,94,$B$3)) | C95: =IF($C$3="","",INDEX(Forms貼り付け!$A:$AZ,94,$C$3)) | D95: =IF($D$3="","",INDEX(Forms貼り付け!$A:$AZ,94,$D$3)) | E95: =IF($E$3="","",INDEX(Forms貼り付け!$A:$AZ,94,$E$3)) | F95: =IF(F$3="","",IFERROR(LEFT(TRIM(INDEX(Forms貼り付け!$A:$AZ,94,F$3)),1),"")) | G95: =IF(G$3="","",IFERROR(LEFT(TRIM(INDEX(Forms貼り付け!$A:$AZ,94,G$3)),1),"")) | H95: =IF(H$3="","",IFERROR(LEFT(TRIM(INDEX(Forms貼り付け!$A:$AZ,94,H$3)),1),"")) | I95: =IF(I$3="","",IFERROR(LEFT(TRIM(INDEX(Forms貼り付け!$A:$AZ,94,I$3)),1),"")) | J95: =IF(J$3="","",IFERROR(LEFT(TRIM(INDEX(Forms貼り付け!$A:$AZ,94,J$3)),1),"")) | K95: =IF(K$3="","",IFERROR(LEFT(TRIM(INDEX(Forms貼り付け!$A:$AZ,94,K$3)),1),"")) | L95: =IF(L$3="","",IFERROR(LEFT(TRIM(INDEX(Forms貼り付け!$A:$AZ,94,L$3)),1),"")) | M95: =IF(M$3="","",IFERROR(LEFT(TRIM(INDEX(Forms貼り付け!$A:$AZ,94,M$3)),1),"")) | ... BC95: =IF(BC$3="","",IFERROR(LEFT(TRIM(INDEX(Forms貼り付け!$A:$AZ,94,BC$3)),1),""))
A96: U092 | B96: =IF($B$3="","",INDEX(Forms貼り付け!$A:$AZ,95,$B$3)) | C96: =IF($C$3="","",INDEX(Forms貼り付け!$A:$AZ,95,$C$3)) | D96: =IF($D$3="","",INDEX(Forms貼り付け!$A:$AZ,95,$D$3)) | E96: =IF($E$3="","",INDEX(Forms貼り付け!$A:$AZ,95,$E$3)) | F96: =IF(F$3="","",IFERROR(LEFT(TRIM(INDEX(Forms貼り付け!$A:$AZ,95,F$3)),1),"")) | G96: =IF(G$3="","",IFERROR(LEFT(TRIM(INDEX(Forms貼り付け!$A:$AZ,95,G$3)),1),"")) | H96: =IF(H$3="","",IFERROR(LEFT(TRIM(INDEX(Forms貼り付け!$A:$AZ,95,H$3)),1),"")) | I96: =IF(I$3="","",IFERROR(LEFT(TRIM(INDEX(Forms貼り付け!$A:$AZ,95,I$3)),1),"")) | J96: =IF(J$3="","",IFERROR(LEFT(TRIM(INDEX(Forms貼り付け!$A:$AZ,95,J$3)),1),"")) | K96: =IF(K$3="","",IFERROR(LEFT(TRIM(INDEX(Forms貼り付け!$A:$AZ,95,K$3)),1),"")) | L96: =IF(L$3="","",IFERROR(LEFT(TRIM(INDEX(Forms貼り付け!$A:$AZ,95,L$3)),1),"")) | M96: =IF(M$3="","",IFERROR(LEFT(TRIM(INDEX(Forms貼り付け!$A:$AZ,95,M$3)),1),"")) | ... BC96: =IF(BC$3="","",IFERROR(LEFT(TRIM(INDEX(Forms貼り付け!$A:$AZ,95,BC$3)),1),""))
A97: U093 | B97: =IF($B$3="","",INDEX(Forms貼り付け!$A:$AZ,96,$B$3)) | C97: =IF($C$3="","",INDEX(Forms貼り付け!$A:$AZ,96,$C$3)) | D97: =IF($D$3="","",INDEX(Forms貼り付け!$A:$AZ,96,$D$3)) | E97: =IF($E$3="","",INDEX(Forms貼り付け!$A:$AZ,96,$E$3)) | F97: =IF(F$3="","",IFERROR(LEFT(TRIM(INDEX(Forms貼り付け!$A:$AZ,96,F$3)),1),"")) | G97: =IF(G$3="","",IFERROR(LEFT(TRIM(INDEX(Forms貼り付け!$A:$AZ,96,G$3)),1),"")) | H97: =IF(H$3="","",IFERROR(LEFT(TRIM(INDEX(Forms貼り付け!$A:$AZ,96,H$3)),1),"")) | I97: =IF(I$3="","",IFERROR(LEFT(TRIM(INDEX(Forms貼り付け!$A:$AZ,96,I$3)),1),"")) | J97: =IF(J$3="","",IFERROR(LEFT(TRIM(INDEX(Forms貼り付け!$A:$AZ,96,J$3)),1),"")) | K97: =IF(K$3="","",IFERROR(LEFT(TRIM(INDEX(Forms貼り付け!$A:$AZ,96,K$3)),1),"")) | L97: =IF(L$3="","",IFERROR(LEFT(TRIM(INDEX(Forms貼り付け!$A:$AZ,96,L$3)),1),"")) | M97: =IF(M$3="","",IFERROR(LEFT(TRIM(INDEX(Forms貼り付け!$A:$AZ,96,M$3)),1),"")) | ... BC97: =IF(BC$3="","",IFERROR(LEFT(TRIM(INDEX(Forms貼り付け!$A:$AZ,96,BC$3)),1),""))
A98: U094 | B98: =IF($B$3="","",INDEX(Forms貼り付け!$A:$AZ,97,$B$3)) | C98: =IF($C$3="","",INDEX(Forms貼り付け!$A:$AZ,97,$C$3)) | D98: =IF($D$3="","",INDEX(Forms貼り付け!$A:$AZ,97,$D$3)) | E98: =IF($E$3="","",INDEX(Forms貼り付け!$A:$AZ,97,$E$3)) | F98: =IF(F$3="","",IFERROR(LEFT(TRIM(INDEX(Forms貼り付け!$A:$AZ,97,F$3)),1),"")) | G98: =IF(G$3="","",IFERROR(LEFT(TRIM(INDEX(Forms貼り付け!$A:$AZ,97,G$3)),1),"")) | H98: =IF(H$3="","",IFERROR(LEFT(TRIM(INDEX(Forms貼り付け!$A:$AZ,97,H$3)),1),"")) | I98: =IF(I$3="","",IFERROR(LEFT(TRIM(INDEX(Forms貼り付け!$A:$AZ,97,I$3)),1),"")) | J98: =IF(J$3="","",IFERROR(LEFT(TRIM(INDEX(Forms貼り付け!$A:$AZ,97,J$3)),1),"")) | K98: =IF(K$3="","",IFERROR(LEFT(TRIM(INDEX(Forms貼り付け!$A:$AZ,97,K$3)),1),"")) | L98: =IF(L$3="","",IFERROR(LEFT(TRIM(INDEX(Forms貼り付け!$A:$AZ,97,L$3)),1),"")) | M98: =IF(M$3="","",IFERROR(LEFT(TRIM(INDEX(Forms貼り付け!$A:$AZ,97,M$3)),1),"")) | ... BC98: =IF(BC$3="","",IFERROR(LEFT(TRIM(INDEX(Forms貼り付け!$A:$AZ,97,BC$3)),1),""))
A99: U095 | B99: =IF($B$3="","",INDEX(Forms貼り付け!$A:$AZ,98,$B$3)) | C99: =IF($C$3="","",INDEX(Forms貼り付け!$A:$AZ,98,$C$3)) | D99: =IF($D$3="","",INDEX(Forms貼り付け!$A:$AZ,98,$D$3)) | E99: =IF($E$3="","",INDEX(Forms貼り付け!$A:$AZ,98,$E$3)) | F99: =IF(F$3="","",IFERROR(LEFT(TRIM(INDEX(Forms貼り付け!$A:$AZ,98,F$3)),1),"")) | G99: =IF(G$3="","",IFERROR(LEFT(TRIM(INDEX(Forms貼り付け!$A:$AZ,98,G$3)),1),"")) | H99: =IF(H$3="","",IFERROR(LEFT(TRIM(INDEX(Forms貼り付け!$A:$AZ,98,H$3)),1),"")) | I99: =IF(I$3="","",IFERROR(LEFT(TRIM(INDEX(Forms貼り付け!$A:$AZ,98,I$3)),1),"")) | J99: =IF(J$3="","",IFERROR(LEFT(TRIM(INDEX(Forms貼り付け!$A:$AZ,98,J$3)),1),"")) | K99: =IF(K$3="","",IFERROR(LEFT(TRIM(INDEX(Forms貼り付け!$A:$AZ,98,K$3)),1),"")) | L99: =IF(L$3="","",IFERROR(LEFT(TRIM(INDEX(Forms貼り付け!$A:$AZ,98,L$3)),1),"")) | M99: =IF(M$3="","",IFERROR(LEFT(TRIM(INDEX(Forms貼り付け!$A:$AZ,98,M$3)),1),"")) | ... BC99: =IF(BC$3="","",IFERROR(LEFT(TRIM(INDEX(Forms貼り付け!$A:$AZ,98,BC$3)),1),""))
A100: U096 | B100: =IF($B$3="","",INDEX(Forms貼り付け!$A:$AZ,99,$B$3)) | C100: =IF($C$3="","",INDEX(Forms貼り付け!$A:$AZ,99,$C$3)) | D100: =IF($D$3="","",INDEX(Forms貼り付け!$A:$AZ,99,$D$3)) | E100: =IF($E$3="","",INDEX(Forms貼り付け!$A:$AZ,99,$E$3)) | F100: =IF(F$3="","",IFERROR(LEFT(TRIM(INDEX(Forms貼り付け!$A:$AZ,99,F$3)),1),"")) | G100: =IF(G$3="","",IFERROR(LEFT(TRIM(INDEX(Forms貼り付け!$A:$AZ,99,G$3)),1),"")) | H100: =IF(H$3="","",IFERROR(LEFT(TRIM(INDEX(Forms貼り付け!$A:$AZ,99,H$3)),1),"")) | I100: =IF(I$3="","",IFERROR(LEFT(TRIM(INDEX(Forms貼り付け!$A:$AZ,99,I$3)),1),"")) | J100: =IF(J$3="","",IFERROR(LEFT(TRIM(INDEX(Forms貼り付け!$A:$AZ,99,J$3)),1),"")) | K100: =IF(K$3="","",IFERROR(LEFT(TRIM(INDEX(Forms貼り付け!$A:$AZ,99,K$3)),1),"")) | L100: =IF(L$3="","",IFERROR(LEFT(TRIM(INDEX(Forms貼り付け!$A:$AZ,99,L$3)),1),"")) | M100: =IF(M$3="","",IFERROR(LEFT(TRIM(INDEX(Forms貼り付け!$A:$AZ,99,M$3)),1),"")) | ... BC100: =IF(BC$3="","",IFERROR(LEFT(TRIM(INDEX(Forms貼り付け!$A:$AZ,99,BC$3)),1),""))
...

Sheet 集計
A1: 集計（Forms貼り付け対応・自動計算）
A2: 整形回答のQ1〜Q50（A/B/C/D）を使って重み付け採点します。
A4: 受験者ID | B4: 氏名 | C4: メール | D4: 得点合計 | E4: 最大点合計 | F4: 総合(100点) | G4: OS(100点) | H4: AWS(100点) | I4: NW/Sec(100点) | J4: 判定 | K4: 完了時刻
A5: =整形回答!A5 | B5: =整形回答!B5 | C5: =整形回答!C5 | D5: =IF(B5="","",SUMPRODUCT(--(整形回答!F5:BC5=正解キー!$B$2:$B$51)*XLOOKUP(設定!$B$11:$B$60,設定!$A$5:$A$7,設定!$B$5:$B$7)*XLOOKUP(設定!$C$11:$C$60,設定!$D$5:$D$7,設定!$E$5:$E$7))) | E5: =SUMPRODUCT(XLOOKUP(設定!$B$11:$B$60,設定!$A$5:$A$7,設定!$B$5:$B$7)*XLOOKUP(設定!$C$11:$C$60,設定!$D$5:$D$7,設定!$E$5:$E$7)) | F5: =IF(D5="","",D5/E5*100) | G5: =IF(D5="","",IF(SUMPRODUCT(--(設定!$B$11:$B$60="OS（Linux/Windows）")*XLOOKUP(設定!$B$11:$B$60,設定!$A$5:$A$7,設定!$B$5:$B$7)*XLOOKUP(設定!$C$11:$C$60,設定!$D$5:$D$7,設定!$E$5:$E$7))=0,"",SUMPRODUCT(--(設定!$B$11:$B$60="OS（Linux/Windows）")*--(整形回答!F5:BC5=正解キー!$B$2:$B$51)*XLOOKUP(設定!$B$11:$B$60,設定!$A$5:$A$7,設定!$B$5:$B$7)*XLOOKUP(設定!$C$11:$C$60,設定!$D$5:$D$7,設定!$E$5:$E$7))/SUMPRODUCT(--(設定!$B$11:$B$60="OS（Linux/Windows）")*XLOOKUP(設定!$B$11:$B$60,設定!$A$5:$A$7,設定!$B$5:$B$7)*XLOOKUP(設定!$C$11:$C$60,設定!$D$5:$D$7,設定!$E$5:$E$7))*100)) | H5: =IF(D5="","",IF(SUMPRODUCT(--(設定!$B$11:$B$60="AWS")*XLOOKUP(設定!$B$11:$B$60,設定!$A$5:$A$7,設定!$B$5:$B$7)*XLOOKUP(設定!$C$11:$C$60,設定!$D$5:$D$7,設定!$E$5:$E$7))=0,"",SUMPRODUCT(--(設定!$B$11:$B$60="AWS")*--(整形回答!F5:BC5=正解キー!$B$2:$B$51)*XLOOKUP(設定!$B$11:$B$60,設定!$A$5:$A$7,設定!$B$5:$B$7)*XLOOKUP(設定!$C$11:$C$60,設定!$D$5:$D$7,設定!$E$5:$E$7))/SUMPRODUCT(--(設定!$B$11:$B$60="AWS")*XLOOKUP(設定!$B$11:$B$60,設定!$A$5:$A$7,設定!$B$5:$B$7)*XLOOKUP(設定!$C$11:$C$60,設定!$D$5:$D$7,設定!$E$5:$E$7))*100)) | I5: =IF(D5="","",IF(SUMPRODUCT(--(設定!$B$11:$B$60="NW/Security")*XLOOKUP(設定!$B$11:$B$60,設定!$A$5:$A$7,設定!$B$5:$B$7)*XLOOKUP(設定!$C$11:$C$60,設定!$D$5:$D$7,設定!$E$5:$E$7))=0,"",SUMPRODUCT(--(設定!$B$11:$B$60="NW/Security")*--(整形回答!F5:BC5=正解キー!$B$2:$B$51)*XLOOKUP(設定!$B$11:$B$60,設定!$A$5:$A$7,設定!$B$5:$B$7)*XLOOKUP(設定!$C$11:$C$60,設定!$D$5:$D$7,設定!$E$5:$E$7))/SUMPRODUCT(--(設定!$B$11:$B$60="NW/Security")*XLOOKUP(設定!$B$11:$B$60,設定!$A$5:$A$7,設定!$B$5:$B$7)*XLOOKUP(設定!$C$11:$C$60,設定!$D$5:$D$7,設定!$E$5:$E$7))*100)) | J5: =IF(F5="","",IF(F5>=85,"即戦力",IF(F5>=70,"主担当",IF(F5>=55,"サポート","育成")))) | K5: =整形回答!E5
A6: =整形回答!A6 | B6: =整形回答!B6 | C6: =整形回答!C6 | D6: =IF(B6="","",SUMPRODUCT(--(整形回答!F6:BC6=正解キー!$B$2:$B$51)*XLOOKUP(設定!$B$11:$B$60,設定!$A$5:$A$7,設定!$B$5:$B$7)*XLOOKUP(設定!$C$11:$C$60,設定!$D$5:$D$7,設定!$E$5:$E$7))) | E6: =SUMPRODUCT(XLOOKUP(設定!$B$11:$B$60,設定!$A$5:$A$7,設定!$B$5:$B$7)*XLOOKUP(設定!$C$11:$C$60,設定!$D$5:$D$7,設定!$E$5:$E$7)) | F6: =IF(D6="","",D6/E6*100) | G6: =IF(D6="","",IF(SUMPRODUCT(--(設定!$B$11:$B$60="OS（Linux/Windows）")*XLOOKUP(設定!$B$11:$B$60,設定!$A$5:$A$7,設定!$B$5:$B$7)*XLOOKUP(設定!$C$11:$C$60,設定!$D$5:$D$7,設定!$E$5:$E$7))=0,"",SUMPRODUCT(--(設定!$B$11:$B$60="OS（Linux/Windows）")*--(整形回答!F6:BC6=正解キー!$B$2:$B$51)*XLOOKUP(設定!$B$11:$B$60,設定!$A$5:$A$7,設定!$B$5:$B$7)*XLOOKUP(設定!$C$11:$C$60,設定!$D$5:$D$7,設定!$E$5:$E$7))/SUMPRODUCT(--(設定!$B$11:$B$60="OS（Linux/Windows）")*XLOOKUP(設定!$B$11:$B$60,設定!$A$5:$A$7,設定!$B$5:$B$7)*XLOOKUP(設定!$C$11:$C$60,設定!$D$5:$D$7,設定!$E$5:$E$7))*100)) | H6: =IF(D6="","",IF(SUMPRODUCT(--(設定!$B$11:$B$60="AWS")*XLOOKUP(設定!$B$11:$B$60,設定!$A$5:$A$7,設定!$B$5:$B$7)*XLOOKUP(設定!$C$11:$C$60,設定!$D$5:$D$7,設定!$E$5:$E$7))=0,"",SUMPRODUCT(--(設定!$B$11:$B$60="AWS")*--(整形回答!F6:BC6=正解キー!$B$2:$B$51)*XLOOKUP(設定!$B$11:$B$60,設定!$A$5:$A$7,設定!$B$5:$B$7)*XLOOKUP(設定!$C$11:$C$60,設定!$D$5:$D$7,設定!$E$5:$E$7))/SUMPRODUCT(--(設定!$B$11:$B$60="AWS")*XLOOKUP(設定!$B$11:$B$60,設定!$A$5:$A$7,設定!$B$5:$B$7)*XLOOKUP(設定!$C$11:$C$60,設定!$D$5:$D$7,設定!$E$5:$E$7))*100)) | I6: =IF(D6="","",IF(SUMPRODUCT(--(設定!$B$11:$B$60="NW/Security")*XLOOKUP(設定!$B$11:$B$60,設定!$A$5:$A$7,設定!$B$5:$B$7)*XLOOKUP(設定!$C$11:$C$60,設定!$D$5:$D$7,設定!$E$5:$E$7))=0,"",SUMPRODUCT(--(設定!$B$11:$B$60="NW/Security")*--(整形回答!F6:BC6=正解キー!$B$2:$B$51)*XLOOKUP(設定!$B$11:$B$60,設定!$A$5:$A$7,設定!$B$5:$B$7)*XLOOKUP(設定!$C$11:$C$60,設定!$D$5:$D$7,設定!$E$5:$E$7))/SUMPRODUCT(--(設定!$B$11:$B$60="NW/Security")*XLOOKUP(設定!$B$11:$B$60,設定!$A$5:$A$7,設定!$B$5:$B$7)*XLOOKUP(設定!$C$11:$C$60,設定!$D$5:$D$7,設定!$E$5:$E$7))*100)) | J6: =IF(F6="","",IF(F6>=85,"即戦力",IF(F6>=70,"主担当",IF(F6>=55,"サポート","育成")))) | K6: =整形回答!E6
A7: =整形回答!A7 | B7: =整形回答!B7 | C7: =整形回答!C7 | D7: =IF(B7="","",SUMPRODUCT(--(整形回答!F7:BC7=正解キー!$B$2:$B$51)*XLOOKUP(設定!$B$11:$B$60,設定!$A$5:$A$7,設定!$B$5:$B$7)*XLOOKUP(設定!$C$11:$C$60,設定!$D$5:$D$7,設定!$E$5:$E$7))) | E7: =SUMPRODUCT(XLOOKUP(設定!$B$11:$B$60,設定!$A$5:$A$7,設定!$B$5:$B$7)*XLOOKUP(設定!$C$11:$C$60,設定!$D$5:$D$7,設定!$E$5:$E$7)) | F7: =IF(D7="","",D7/E7*100) | G7: =IF(D7="","",IF(SUMPRODUCT(--(設定!$B$11:$B$60="OS（Linux/Windows）")*XLOOKUP(設定!$B$11:$B$60,設定!$A$5:$A$7,設定!$B$5:$B$7)*XLOOKUP(設定!$C$11:$C$60,設定!$D$5:$D$7,設定!$E$5:$E$7))=0,"",SUMPRODUCT(--(設定!$B$11:$B$60="OS（Linux/Windows）")*--(整形回答!F7:BC7=正解キー!$B$2:$B$51)*XLOOKUP(設定!$B$11:$B$60,設定!$A$5:$A$7,設定!$B$5:$B$7)*XLOOKUP(設定!$C$11:$C$60,設定!$D$5:$D$7,設定!$E$5:$E$7))/SUMPRODUCT(--(設定!$B$11:$B$60="OS（Linux/Windows）")*XLOOKUP(設定!$B$11:$B$60,設定!$A$5:$A$7,設定!$B$5:$B$7)*XLOOKUP(設定!$C$11:$C$60,設定!$D$5:$D$7,設定!$E$5:$E$7))*100)) | H7: =IF(D7="","",IF(SUMPRODUCT(--(設定!$B$11:$B$60="AWS")*XLOOKUP(設定!$B$11:$B$60,設定!$A$5:$A$7,設定!$B$5:$B$7)*XLOOKUP(設定!$C$11:$C$60,設定!$D$5:$D$7,設定!$E$5:$E$7))=0,"",SUMPRODUCT(--(設定!$B$11:$B$60="AWS")*--(整形回答!F7:BC7=正解キー!$B$2:$B$51)*XLOOKUP(設定!$B$11:$B$60,設定!$A$5:$A$7,設定!$B$5:$B$7)*XLOOKUP(設定!$C$11:$C$60,設定!$D$5:$D$7,設定!$E$5:$E$7))/SUMPRODUCT(--(設定!$B$11:$B$60="AWS")*XLOOKUP(設定!$B$11:$B$60,設定!$A$5:$A$7,設定!$B$5:$B$7)*XLOOKUP(設定!$C$11:$C$60,設定!$D$5:$D$7,設定!$E$5:$E$7))*100)) | I7: =IF(D7="","",IF(SUMPRODUCT(--(設定!$B$11:$B$60="NW/Security")*XLOOKUP(設定!$B$11:$B$60,設定!$A$5:$A$7,設定!$B$5:$B$7)*XLOOKUP(設定!$C$11:$C$60,設定!$D$5:$D$7,設定!$E$5:$E$7))=0,"",SUMPRODUCT(--(設定!$B$11:$B$60="NW/Security")*--(整形回答!F7:BC7=正解キー!$B$2:$B$51)*XLOOKUP(設定!$B$11:$B$60,設定!$A$5:$A$7,設定!$B$5:$B$7)*XLOOKUP(設定!$C$11:$C$60,設定!$D$5:$D$7,設定!$E$5:$E$7))/SUMPRODUCT(--(設定!$B$11:$B$60="NW/Security")*XLOOKUP(設定!$B$11:$B$60,設定!$A$5:$A$7,設定!$B$5:$B$7)*XLOOKUP(設定!$C$11:$C$60,設定!$D$5:$D$7,設定!$E$5:$E$7))*100)) | J7: =IF(F7="","",IF(F7>=85,"即戦力",IF(F7>=70,"主担当",IF(F7>=55,"サポート","育成")))) | K7: =整形回答!E7
A8: =整形回答!A8 | B8: =整形回答!B8 | C8: =整形回答!C8 | D8: =IF(B8="","",SUMPRODUCT(--(整形回答!F8:BC8=正解キー!$B$2:$B$51)*XLOOKUP(設定!$B$11:$B$60,設定!$A$5:$A$7,設定!$B$5:$B$7)*XLOOKUP(設定!$C$11:$C$60,設定!$D$5:$D$7,設定!$E$5:$E$7))) | E8: =SUMPRODUCT(XLOOKUP(設定!$B$11:$B$60,設定!$A$5:$A$7,設定!$B$5:$B$7)*XLOOKUP(設定!$C$11:$C$60,設定!$D$5:$D$7,設定!$E$5:$E$7)) | F8: =IF(D8="","",D8/E8*100) | G8: =IF(D8="","",IF(SUMPRODUCT(--(設定!$B$11:$B$60="OS（Linux/Windows）")*XLOOKUP(設定!$B$11:$B$60,設定!$A$5:$A$7,設定!$B$5:$B$7)*XLOOKUP(設定!$C$11:$C$60,設定!$D$5:$D$7,設定!$E$5:$E$7))=0,"",SUMPRODUCT(--(設定!$B$11:$B$60="OS（Linux/Windows）")*--(整形回答!F8:BC8=正解キー!$B$2:$B$51)*XLOOKUP(設定!$B$11:$B$60,設定!$A$5:$A$7,設定!$B$5:$B$7)*XLOOKUP(設定!$C$11:$C$60,設定!$D$5:$D$7,設定!$E$5:$E$7))/SUMPRODUCT(--(設定!$B$11:$B$60="OS（Linux/Windows）")*XLOOKUP(設定!$B$11:$B$60,設定!$A$5:$A$7,設定!$B$5:$B$7)*XLOOKUP(設定!$C$11:$C$60,設定!$D$5:$D$7,設定!$E$5:$E$7))*100)) | H8: =IF(D8="","",IF(SUMPRODUCT(--(設定!$B$11:$B$60="AWS")*XLOOKUP(設定!$B$11:$B$60,設定!$A$5:$A$7,設定!$B$5:$B$7)*XLOOKUP(設定!$C$11:$C$60,設定!$D$5:$D$7,設定!$E$5:$E$7))=0,"",SUMPRODUCT(--(設定!$B$11:$B$60="AWS")*--(整形回答!F8:BC8=正解キー!$B$2:$B$51)*XLOOKUP(設定!$B$11:$B$60,設定!$A$5:$A$7,設定!$B$5:$B$7)*XLOOKUP(設定!$C$11:$C$60,設定!$D$5:$D$7,設定!$E$5:$E$7))/SUMPRODUCT(--(設定!$B$11:$B$60="AWS")*XLOOKUP(設定!$B$11:$B$60,設定!$A$5:$A$7,設定!$B$5:$B$7)*XLOOKUP(設定!$C$11:$C$60,設定!$D$5:$D$7,設定!$E$5:$E$7))*100)) | I8: =IF(D8="","",IF(SUMPRODUCT(--(設定!$B$11:$B$60="NW/Security")*XLOOKUP(設定!$B$11:$B$60,設定!$A$5:$A$7,設定!$B$5:$B$7)*XLOOKUP(設定!$C$11:$C$60,設定!$D$5:$D$7,設定!$E$5:$E$7))=0,"",SUMPRODUCT(--(設定!$B$11:$B$60="NW/Security")*--(整形回答!F8:BC8=正解キー!$B$2:$B$51)*XLOOKUP(設定!$B$11:$B$60,設定!$A$5:$A$7,設定!$B$5:$B$7)*XLOOKUP(設定!$C$11:$C$60,設定!$D$5:$D$7,設定!$E$5:$E$7))/SUMPRODUCT(--(設定!$B$11:$B$60="NW/Security")*XLOOKUP(設定!$B$11:$B$60,設定!$A$5:$A$7,設定!$B$5:$B$7)*XLOOKUP(設定!$C$11:$C$60,設定!$D$5:$D$7,設定!$E$5:$E$7))*100)) | J8: =IF(F8="","",IF(F8>=85,"即戦力",IF(F8>=70,"主担当",IF(F8>=55,"サポート","育成")))) | K8: =整形回答!E8
A9: =整形回答!A9 | B9: =整形回答!B9 | C9: =整形回答!C9 | D9: =IF(B9="","",SUMPRODUCT(--(整形回答!F9:BC9=正解キー!$B$2:$B$51)*XLOOKUP(設定!$B$11:$B$60,設定!$A$5:$A$7,設定!$B$5:$B$7)*XLOOKUP(設定!$C$11:$C$60,設定!$D$5:$D$7,設定!$E$5:$E$7))) | E9: =SUMPRODUCT(XLOOKUP(設定!$B$11:$B$60,設定!$A$5:$A$7,設定!$B$5:$B$7)*XLOOKUP(設定!$C$11:$C$60,設定!$D$5:$D$7,設定!$E$5:$E$7)) | F9: =IF(D9="","",D9/E9*100) | G9: =IF(D9="","",IF(SUMPRODUCT(--(設定!$B$11:$B$60="OS（Linux/Windows）")*XLOOKUP(設定!$B$11:$B$60,設定!$A$5:$A$7,設定!$B$5:$B$7)*XLOOKUP(設定!$C$11:$C$60,設定!$D$5:$D$7,設定!$E$5:$E$7))=0,"",SUMPRODUCT(--(設定!$B$11:$B$60="OS（Linux/Windows）")*--(整形回答!F9:BC9=正解キー!$B$2:$B$51)*XLOOKUP(設定!$B$11:$B$60,設定!$A$5:$A$7,設定!$B$5:$B$7)*XLOOKUP(設定!$C$11:$C$60,設定!$D$5:$D$7,設定!$E$5:$E$7))/SUMPRODUCT(--(設定!$B$11:$B$60="OS（Linux/Windows）")*XLOOKUP(設定!$B$11:$B$60,設定!$A$5:$A$7,設定!$B$5:$B$7)*XLOOKUP(設定!$C$11:$C$60,設定!$D$5:$D$7,設定!$E$5:$E$7))*100)) | H9: =IF(D9="","",IF(SUMPRODUCT(--(設定!$B$11:$B$60="AWS")*XLOOKUP(設定!$B$11:$B$60,設定!$A$5:$A$7,設定!$B$5:$B$7)*XLOOKUP(設定!$C$11:$C$60,設定!$D$5:$D$7,設定!$E$5:$E$7))=0,"",SUMPRODUCT(--(設定!$B$11:$B$60="AWS")*--(整形回答!F9:BC9=正解キー!$B$2:$B$51)*XLOOKUP(設定!$B$11:$B$60,設定!$A$5:$A$7,設定!$B$5:$B$7)*XLOOKUP(設定!$C$11:$C$60,設定!$D$5:$D$7,設定!$E$5:$E$7))/SUMPRODUCT(--(設定!$B$11:$B$60="AWS")*XLOOKUP(設定!$B$11:$B$60,設定!$A$5:$A$7,設定!$B$5:$B$7)*XLOOKUP(設定!$C$11:$C$60,設定!$D$5:$D$7,設定!$E$5:$E$7))*100)) | I9: =IF(D9="","",IF(SUMPRODUCT(--(設定!$B$11:$B$60="NW/Security")*XLOOKUP(設定!$B$11:$B$60,設定!$A$5:$A$7,設定!$B$5:$B$7)*XLOOKUP(設定!$C$11:$C$60,設定!$D$5:$D$7,設定!$E$5:$E$7))=0,"",SUMPRODUCT(--(設定!$B$11:$B$60="NW/Security")*--(整形回答!F9:BC9=正解キー!$B$2:$B$51)*XLOOKUP(設定!$B$11:$B$60,設定!$A$5:$A$7,設定!$B$5:$B$7)*XLOOKUP(設定!$C$11:$C$60,設定!$D$5:$D$7,設定!$E$5:$E$7))/SUMPRODUCT(--(設定!$B$11:$B$60="NW/Security")*XLOOKUP(設定!$B$11:$B$60,設定!$A$5:$A$7,設定!$B$5:$B$7)*XLOOKUP(設定!$C$11:$C$60,設定!$D$5:$D$7,設定!$E$5:$E$7))*100)) | J9: =IF(F9="","",IF(F9>=85,"即戦力",IF(F9>=70,"主担当",IF(F9>=55,"サポート","育成")))) | K9: =整形回答!E9
A10: =整形回答!A10 | B10: =整形回答!B10 | C10: =整形回答!C10 | D10: =IF(B10="","",SUMPRODUCT(--(整形回答!F10:BC10=正解キー!$B$2:$B$51)*XLOOKUP(設定!$B$11:$B$60,設定!$A$5:$A$7,設定!$B$5:$B$7)*XLOOKUP(設定!$C$11:$C$60,設定!$D$5:$D$7,設定!$E$5:$E$7))) | E10: =SUMPRODUCT(XLOOKUP(設定!$B$11:$B$60,設定!$A$5:$A$7,設定!$B$5:$B$7)*XLOOKUP(設定!$C$11:$C$60,設定!$D$5:$D$7,設定!$E$5:$E$7)) | F10: =IF(D10="","",D10/E10*100) | G10: =IF(D10="","",IF(SUMPRODUCT(--(設定!$B$11:$B$60="OS（Linux/Windows）")*XLOOKUP(設定!$B$11:$B$60,設定!$A$5:$A$7,設定!$B$5:$B$7)*XLOOKUP(設定!$C$11:$C$60,設定!$D$5:$D$7,設定!$E$5:$E$7))=0,"",SUMPRODUCT(--(設定!$B$11:$B$60="OS（Linux/Windows）")*--(整形回答!F10:BC10=正解キー!$B$2:$B$51)*XLOOKUP(設定!$B$11:$B$60,設定!$A$5:$A$7,設定!$B$5:$B$7)*XLOOKUP(設定!$C$11:$C$60,設定!$D$5:$D$7,設定!$E$5:$E$7))/SUMPRODUCT(--(設定!$B$11:$B$60="OS（Linux/Windows）")*XLOOKUP(設定!$B$11:$B$60,設定!$A$5:$A$7,設定!$B$5:$B$7)*XLOOKUP(設定!$C$11:$C$60,設定!$D$5:$D$7,設定!$E$5:$E$7))*100)) | H10: =IF(D10="","",IF(SUMPRODUCT(--(設定!$B$11:$B$60="AWS")*XLOOKUP(設定!$B$11:$B$60,設定!$A$5:$A$7,設定!$B$5:$B$7)*XLOOKUP(設定!$C$11:$C$60,設定!$D$5:$D$7,設定!$E$5:$E$7))=0,"",SUMPRODUCT(--(設定!$B$11:$B$60="AWS")*--(整形回答!F10:BC10=正解キー!$B$2:$B$51)*XLOOKUP(設定!$B$11:$B$60,設定!$A$5:$A$7,設定!$B$5:$B$7)*XLOOKUP(設定!$C$11:$C$60,設定!$D$5:$D$7,設定!$E$5:$E$7))/SUMPRODUCT(--(設定!$B$11:$B$60="AWS")*XLOOKUP(設定!$B$11:$B$60,設定!$A$5:$A$7,設定!$B$5:$B$7)*XLOOKUP(設定!$C$11:$C$60,設定!$D$5:$D$7,設定!$E$5:$E$7))*100)) | I10: =IF(D10="","",IF(SUMPRODUCT(--(設定!$B$11:$B$60="NW/Security")*XLOOKUP(設定!$B$11:$B$60,設定!$A$5:$A$7,設定!$B$5:$B$7)*XLOOKUP(設定!$C$11:$C$60,設定!$D$5:$D$7,設定!$E$5:$E$7))=0,"",SUMPRODUCT(--(設定!$B$11:$B$60="NW/Security")*--(整形回答!F10:BC10=正解キー!$B$2:$B$51)*XLOOKUP(設定!$B$11:$B$60,設定!$A$5:$A$7,設定!$B$5:$B$7)*XLOOKUP(設定!$C$11:$C$60,設定!$D$5:$D$7,設定!$E$5:$E$7))/SUMPRODUCT(--(設定!$B$11:$B$60="NW/Security")*XLOOKUP(設定!$B$11:$B$60,設定!$A$5:$A$7,設定!$B$5:$B$7)*XLOOKUP(設定!$C$11:$C$60,設定!$D$5:$D$7,設定!$E$5:$E$7))*100)) | J10: =IF(F10="","",IF(F10>=85,"即戦力",IF(F10>=70,"主担当",IF(F10>=55,"サポート","育成")))) | K10: =整形回答!E10
A11: =整形回答!A11 | B11: =整形回答!B11 | C11: =整形回答!C11 | D11: =IF(B11="","",SUMPRODUCT(--(整形回答!F11:BC11=正解キー!$B$2:$B$51)*XLOOKUP(設定!$B$11:$B$60,設定!$A$5:$A$7,設定!$B$5:$B$7)*XLOOKUP(設定!$C$11:$C$60,設定!$D$5:$D$7,設定!$E$5:$E$7))) | E11: =SUMPRODUCT(XLOOKUP(設定!$B$11:$B$60,設定!$A$5:$A$7,設定!$B$5:$B$7)*XLOOKUP(設定!$C$11:$C$60,設定!$D$5:$D$7,設定!$E$5:$E$7)) | F11: =IF(D11="","",D11/E11*100) | G11: =IF(D11="","",IF(SUMPRODUCT(--(設定!$B$11:$B$60="OS（Linux/Windows）")*XLOOKUP(設定!$B$11:$B$60,設定!$A$5:$A$7,設定!$B$5:$B$7)*XLOOKUP(設定!$C$11:$C$60,設定!$D$5:$D$7,設定!$E$5:$E$7))=0,"",SUMPRODUCT(--(設定!$B$11:$B$60="OS（Linux/Windows）")*--(整形回答!F11:BC11=正解キー!$B$2:$B$51)*XLOOKUP(設定!$B$11:$B$60,設定!$A$5:$A$7,設定!$B$5:$B$7)*XLOOKUP(設定!$C$11:$C$60,設定!$D$5:$D$7,設定!$E$5:$E$7))/SUMPRODUCT(--(設定!$B$11:$B$60="OS（Linux/Windows）")*XLOOKUP(設定!$B$11:$B$60,設定!$A$5:$A$7,設定!$B$5:$B$7)*XLOOKUP(設定!$C$11:$C$60,設定!$D$5:$D$7,設定!$E$5:$E$7))*100)) | H11: =IF(D11="","",IF(SUMPRODUCT(--(設定!$B$11:$B$60="AWS")*XLOOKUP(設定!$B$11:$B$60,設定!$A$5:$A$7,設定!$B$5:$B$7)*XLOOKUP(設定!$C$11:$C$60,設定!$D$5:$D$7,設定!$E$5:$E$7))=0,"",SUMPRODUCT(--(設定!$B$11:$B$60="AWS")*--(整形回答!F11:BC11=正解キー!$B$2:$B$51)*XLOOKUP(設定!$B$11:$B$60,設定!$A$5:$A$7,設定!$B$5:$B$7)*XLOOKUP(設定!$C$11:$C$60,設定!$D$5:$D$7,設定!$E$5:$E$7))/SUMPRODUCT(--(設定!$B$11:$B$60="AWS")*XLOOKUP(設定!$B$11:$B$60,設定!$A$5:$A$7,設定!$B$5:$B$7)*XLOOKUP(設定!$C$11:$C$60,設定!$D$5:$D$7,設定!$E$5:$E$7))*100)) | I11: =IF(D11="","",IF(SUMPRODUCT(--(設定!$B$11:$B$60="NW/Security")*XLOOKUP(設定!$B$11:$B$60,設定!$A$5:$A$7,設定!$B$5:$B$7)*XLOOKUP(設定!$C$11:$C$60,設定!$D$5:$D$7,設定!$E$5:$E$7))=0,"",SUMPRODUCT(--(設定!$B$11:$B$60="NW/Security")*--(整形回答!F11:BC11=正解キー!$B$2:$B$51)*XLOOKUP(設定!$B$11:$B$60,設定!$A$5:$A$7,設定!$B$5:$B$7)*XLOOKUP(設定!$C$11:$C$60,設定!$D$5:$D$7,設定!$E$5:$E$7))/SUMPRODUCT(--(設定!$B$11:$B$60="NW/Security")*XLOOKUP(設定!$B$11:$B$60,設定!$A$5:$A$7,設定!$B$5:$B$7)*XLOOKUP(設定!$C$11:$C$60,設定!$D$5:$D$7,設定!$E$5:$E$7))*100)) | J11: =IF(F11="","",IF(F11>=85,"即戦力",IF(F11>=70,"主担当",IF(F11>=55,"サポート","育成")))) | K11: =整形回答!E11
A12: =整形回答!A12 | B12: =整形回答!B12 | C12: =整形回答!C12 | D12: =IF(B12="","",SUMPRODUCT(--(整形回答!F12:BC12=正解キー!$B$2:$B$51)*XLOOKUP(設定!$B$11:$B$60,設定!$A$5:$A$7,設定!$B$5:$B$7)*XLOOKUP(設定!$C$11:$C$60,設定!$D$5:$D$7,設定!$E$5:$E$7))) | E12: =SUMPRODUCT(XLOOKUP(設定!$B$11:$B$60,設定!$A$5:$A$7,設定!$B$5:$B$7)*XLOOKUP(設定!$C$11:$C$60,設定!$D$5:$D$7,設定!$E$5:$E$7)) | F12: =IF(D12="","",D12/E12*100) | G12: =IF(D12="","",IF(SUMPRODUCT(--(設定!$B$11:$B$60="OS（Linux/Windows）")*XLOOKUP(設定!$B$11:$B$60,設定!$A$5:$A$7,設定!$B$5:$B$7)*XLOOKUP(設定!$C$11:$C$60,設定!$D$5:$D$7,設定!$E$5:$E$7))=0,"",SUMPRODUCT(--(設定!$B$11:$B$60="OS（Linux/Windows）")*--(整形回答!F12:BC12=正解キー!$B$2:$B$51)*XLOOKUP(設定!$B$11:$B$60,設定!$A$5:$A$7,設定!$B$5:$B$7)*XLOOKUP(設定!$C$11:$C$60,設定!$D$5:$D$7,設定!$E$5:$E$7))/SUMPRODUCT(--(設定!$B$11:$B$60="OS（Linux/Windows）")*XLOOKUP(設定!$B$11:$B$60,設定!$A$5:$A$7,設定!$B$5:$B$7)*XLOOKUP(設定!$C$11:$C$60,設定!$D$5:$D$7,設定!$E$5:$E$7))*100)) | H12: =IF(D12="","",IF(SUMPRODUCT(--(設定!$B$11:$B$60="AWS")*XLOOKUP(設定!$B$11:$B$60,設定!$A$5:$A$7,設定!$B$5:$B$7)*XLOOKUP(設定!$C$11:$C$60,設定!$D$5:$D$7,設定!$E$5:$E$7))=0,"",SUMPRODUCT(--(設定!$B$11:$B$60="AWS")*--(整形回答!F12:BC12=正解キー!$B$2:$B$51)*XLOOKUP(設定!$B$11:$B$60,設定!$A$5:$A$7,設定!$B$5:$B$7)*XLOOKUP(設定!$C$11:$C$60,設定!$D$5:$D$7,設定!$E$5:$E$7))/SUMPRODUCT(--(設定!$B$11:$B$60="AWS")*XLOOKUP(設定!$B$11:$B$60,設定!$A$5:$A$7,設定!$B$5:$B$7)*XLOOKUP(設定!$C$11:$C$60,設定!$D$5:$D$7,設定!$E$5:$E$7))*100)) | I12: =IF(D12="","",IF(SUMPRODUCT(--(設定!$B$11:$B$60="NW/Security")*XLOOKUP(設定!$B$11:$B$60,設定!$A$5:$A$7,設定!$B$5:$B$7)*XLOOKUP(設定!$C$11:$C$60,設定!$D$5:$D$7,設定!$E$5:$E$7))=0,"",SUMPRODUCT(--(設定!$B$11:$B$60="NW/Security")*--(整形回答!F12:BC12=正解キー!$B$2:$B$51)*XLOOKUP(設定!$B$11:$B$60,設定!$A$5:$A$7,設定!$B$5:$B$7)*XLOOKUP(設定!$C$11:$C$60,設定!$D$5:$D$7,設定!$E$5:$E$7))/SUMPRODUCT(--(設定!$B$11:$B$60="NW/Security")*XLOOKUP(設定!$B$11:$B$60,設定!$A$5:$A$7,設定!$B$5:$B$7)*XLOOKUP(設定!$C$11:$C$60,設定!$D$5:$D$7,設定!$E$5:$E$7))*100)) | J12: =IF(F12="","",IF(F12>=85,"即戦力",IF(F12>=70,"主担当",IF(F12>=55,"サポート","育成")))) | K12: =整形回答!E12
A13: =整形回答!A13 | B13: =整形回答!B13 | C13: =整形回答!C13 | D13: =IF(B13="","",SUMPRODUCT(--(整形回答!F13:BC13=正解キー!$B$2:$B$51)*XLOOKUP(設定!$B$11:$B$60,設定!$A$5:$A$7,設定!$B$5:$B$7)*XLOOKUP(設定!$C$11:$C$60,設定!$D$5:$D$7,設定!$E$5:$E$7))) | E13: =SUMPRODUCT(XLOOKUP(設定!$B$11:$B$60,設定!$A$5:$A$7,設定!$B$5:$B$7)*XLOOKUP(設定!$C$11:$C$60,設定!$D$5:$D$7,設定!$E$5:$E$7)) | F13: =IF(D13="","",D13/E13*100) | G13: =IF(D13="","",IF(SUMPRODUCT(--(設定!$B$11:$B$60="OS（Linux/Windows）")*XLOOKUP(設定!$B$11:$B$60,設定!$A$5:$A$7,設定!$B$5:$B$7)*XLOOKUP(設定!$C$11:$C$60,設定!$D$5:$D$7,設定!$E$5:$E$7))=0,"",SUMPRODUCT(--(設定!$B$11:$B$60="OS（Linux/Windows）")*--(整形回答!F13:BC13=正解キー!$B$2:$B$51)*XLOOKUP(設定!$B$11:$B$60,設定!$A$5:$A$7,設定!$B$5:$B$7)*XLOOKUP(設定!$C$11:$C$60,設定!$D$5:$D$7,設定!$E$5:$E$7))/SUMPRODUCT(--(設定!$B$11:$B$60="OS（Linux/Windows）")*XLOOKUP(設定!$B$11:$B$60,設定!$A$5:$A$7,設定!$B$5:$B$7)*XLOOKUP(設定!$C$11:$C$60,設定!$D$5:$D$7,設定!$E$5:$E$7))*100)) | H13: =IF(D13="","",IF(SUMPRODUCT(--(設定!$B$11:$B$60="AWS")*XLOOKUP(設定!$B$11:$B$60,設定!$A$5:$A$7,設定!$B$5:$B$7)*XLOOKUP(設定!$C$11:$C$60,設定!$D$5:$D$7,設定!$E$5:$E$7))=0,"",SUMPRODUCT(--(設定!$B$11:$B$60="AWS")*--(整形回答!F13:BC13=正解キー!$B$2:$B$51)*XLOOKUP(設定!$B$11:$B$60,設定!$A$5:$A$7,設定!$B$5:$B$7)*XLOOKUP(設定!$C$11:$C$60,設定!$D$5:$D$7,設定!$E$5:$E$7))/SUMPRODUCT(--(設定!$B$11:$B$60="AWS")*XLOOKUP(設定!$B$11:$B$60,設定!$A$5:$A$7,設定!$B$5:$B$7)*XLOOKUP(設定!$C$11:$C$60,設定!$D$5:$D$7,設定!$E$5:$E$7))*100)) | I13: =IF(D13="","",IF(SUMPRODUCT(--(設定!$B$11:$B$60="NW/Security")*XLOOKUP(設定!$B$11:$B$60,設定!$A$5:$A$7,設定!$B$5:$B$7)*XLOOKUP(設定!$C$11:$C$60,設定!$D$5:$D$7,設定!$E$5:$E$7))=0,"",SUMPRODUCT(--(設定!$B$11:$B$60="NW/Security")*--(整形回答!F13:BC13=正解キー!$B$2:$B$51)*XLOOKUP(設定!$B$11:$B$60,設定!$A$5:$A$7,設定!$B$5:$B$7)*XLOOKUP(設定!$C$11:$C$60,設定!$D$5:$D$7,設定!$E$5:$E$7))/SUMPRODUCT(--(設定!$B$11:$B$60="NW/Security")*XLOOKUP(設定!$B$11:$B$60,設定!$A$5:$A$7,設定!$B$5:$B$7)*XLOOKUP(設定!$C$11:$C$60,設定!$D$5:$D$7,設定!$E$5:$E$7))*100)) | J13: =IF(F13="","",IF(F13>=85,"即戦力",IF(F13>=70,"主担当",IF(F13>=55,"サポート","育成")))) | K13: =整形回答!E13
A14: =整形回答!A14 | B14: =整形回答!B14 | C14: =整形回答!C14 | D14: =IF(B14="","",SUMPRODUCT(--(整形回答!F14:BC14=正解キー!$B$2:$B$51)*XLOOKUP(設定!$B$11:$B$60,設定!$A$5:$A$7,設定!$B$5:$B$7)*XLOOKUP(設定!$C$11:$C$60,設定!$D$5:$D$7,設定!$E$5:$E$7))) | E14: =SUMPRODUCT(XLOOKUP(設定!$B$11:$B$60,設定!$A$5:$A$7,設定!$B$5:$B$7)*XLOOKUP(設定!$C$11:$C$60,設定!$D$5:$D$7,設定!$E$5:$E$7)) | F14: =IF(D14="","",D14/E14*100) | G14: =IF(D14="","",IF(SUMPRODUCT(--(設定!$B$11:$B$60="OS（Linux/Windows）")*XLOOKUP(設定!$B$11:$B$60,設定!$A$5:$A$7,設定!$B$5:$B$7)*XLOOKUP(設定!$C$11:$C$60,設定!$D$5:$D$7,設定!$E$5:$E$7))=0,"",SUMPRODUCT(--(設定!$B$11:$B$60="OS（Linux/Windows）")*--(整形回答!F14:BC14=正解キー!$B$2:$B$51)*XLOOKUP(設定!$B$11:$B$60,設定!$A$5:$A$7,設定!$B$5:$B$7)*XLOOKUP(設定!$C$11:$C$60,設定!$D$5:$D$7,設定!$E$5:$E$7))/SUMPRODUCT(--(設定!$B$11:$B$60="OS（Linux/Windows）")*XLOOKUP(設定!$B$11:$B$60,設定!$A$5:$A$7,設定!$B$5:$B$7)*XLOOKUP(設定!$C$11:$C$60,設定!$D$5:$D$7,設定!$E$5:$E$7))*100)) | H14: =IF(D14="","",IF(SUMPRODUCT(--(設定!$B$11:$B$60="AWS")*XLOOKUP(設定!$B$11:$B$60,設定!$A$5:$A$7,設定!$B$5:$B$7)*XLOOKUP(設定!$C$11:$C$60,設定!$D$5:$D$7,設定!$E$5:$E$7))=0,"",SUMPRODUCT(--(設定!$B$11:$B$60="AWS")*--(整形回答!F14:BC14=正解キー!$B$2:$B$51)*XLOOKUP(設定!$B$11:$B$60,設定!$A$5:$A$7,設定!$B$5:$B$7)*XLOOKUP(設定!$C$11:$C$60,設定!$D$5:$D$7,設定!$E$5:$E$7))/SUMPRODUCT(--(設定!$B$11:$B$60="AWS")*XLOOKUP(設定!$B$11:$B$60,設定!$A$5:$A$7,設定!$B$5:$B$7)*XLOOKUP(設定!$C$11:$C$60,設定!$D$5:$D$7,設定!$E$5:$E$7))*100)) | I14: =IF(D14="","",IF(SUMPRODUCT(--(設定!$B$11:$B$60="NW/Security")*XLOOKUP(設定!$B$11:$B$60,設定!$A$5:$A$7,設定!$B$5:$B$7)*XLOOKUP(設定!$C$11:$C$60,設定!$D$5:$D$7,設定!$E$5:$E$7))=0,"",SUMPRODUCT(--(設定!$B$11:$B$60="NW/Security")*--(整形回答!F14:BC14=正解キー!$B$2:$B$51)*XLOOKUP(設定!$B$11:$B$60,設定!$A$5:$A$7,設定!$B$5:$B$7)*XLOOKUP(設定!$C$11:$C$60,設定!$D$5:$D$7,設定!$E$5:$E$7))/SUMPRODUCT(--(設定!$B$11:$B$60="NW/Security")*XLOOKUP(設定!$B$11:$B$60,設定!$A$5:$A$7,設定!$B$5:$B$7)*XLOOKUP(設定!$C$11:$C$60,設定!$D$5:$D$7,設定!$E$5:$E$7))*100)) | J14: =IF(F14="","",IF(F14>=85,"即戦力",IF(F14>=70,"主担当",IF(F14>=55,"サポート","育成")))) | K14: =整形回答!E14
A15: =整形回答!A15 | B15: =整形回答!B15 | C15: =整形回答!C15 | D15: =IF(B15="","",SUMPRODUCT(--(整形回答!F15:BC15=正解キー!$B$2:$B$51)*XLOOKUP(設定!$B$11:$B$60,設定!$A$5:$A$7,設定!$B$5:$B$7)*XLOOKUP(設定!$C$11:$C$60,設定!$D$5:$D$7,設定!$E$5:$E$7))) | E15: =SUMPRODUCT(XLOOKUP(設定!$B$11:$B$60,設定!$A$5:$A$7,設定!$B$5:$B$7)*XLOOKUP(設定!$C$11:$C$60,設定!$D$5:$D$7,設定!$E$5:$E$7)) | F15: =IF(D15="","",D15/E15*100) | G15: =IF(D15="","",IF(SUMPRODUCT(--(設定!$B$11:$B$60="OS（Linux/Windows）")*XLOOKUP(設定!$B$11:$B$60,設定!$A$5:$A$7,設定!$B$5:$B$7)*XLOOKUP(設定!$C$11:$C$60,設定!$D$5:$D$7,設定!$E$5:$E$7))=0,"",SUMPRODUCT(--(設定!$B$11:$B$60="OS（Linux/Windows）")*--(整形回答!F15:BC15=正解キー!$B$2:$B$51)*XLOOKUP(設定!$B$11:$B$60,設定!$A$5:$A$7,設定!$B$5:$B$7)*XLOOKUP(設定!$C$11:$C$60,設定!$D$5:$D$7,設定!$E$5:$E$7))/SUMPRODUCT(--(設定!$B$11:$B$60="OS（Linux/Windows）")*XLOOKUP(設定!$B$11:$B$60,設定!$A$5:$A$7,設定!$B$5:$B$7)*XLOOKUP(設定!$C$11:$C$60,設定!$D$5:$D$7,設定!$E$5:$E$7))*100)) | H15: =IF(D15="","",IF(SUMPRODUCT(--(設定!$B$11:$B$60="AWS")*XLOOKUP(設定!$B$11:$B$60,設定!$A$5:$A$7,設定!$B$5:$B$7)*XLOOKUP(設定!$C$11:$C$60,設定!$D$5:$D$7,設定!$E$5:$E$7))=0,"",SUMPRODUCT(--(設定!$B$11:$B$60="AWS")*--(整形回答!F15:BC15=正解キー!$B$2:$B$51)*XLOOKUP(設定!$B$11:$B$60,設定!$A$5:$A$7,設定!$B$5:$B$7)*XLOOKUP(設定!$C$11:$C$60,設定!$D$5:$D$7,設定!$E$5:$E$7))/SUMPRODUCT(--(設定!$B$11:$B$60="AWS")*XLOOKUP(設定!$B$11:$B$60,設定!$A$5:$A$7,設定!$B$5:$B$7)*XLOOKUP(設定!$C$11:$C$60,設定!$D$5:$D$7,設定!$E$5:$E$7))*100)) | I15: =IF(D15="","",IF(SUMPRODUCT(--(設定!$B$11:$B$60="NW/Security")*XLOOKUP(設定!$B$11:$B$60,設定!$A$5:$A$7,設定!$B$5:$B$7)*XLOOKUP(設定!$C$11:$C$60,設定!$D$5:$D$7,設定!$E$5:$E$7))=0,"",SUMPRODUCT(--(設定!$B$11:$B$60="NW/Security")*--(整形回答!F15:BC15=正解キー!$B$2:$B$51)*XLOOKUP(設定!$B$11:$B$60,設定!$A$5:$A$7,設定!$B$5:$B$7)*XLOOKUP(設定!$C$11:$C$60,設定!$D$5:$D$7,設定!$E$5:$E$7))/SUMPRODUCT(--(設定!$B$11:$B$60="NW/Security")*XLOOKUP(設定!$B$11:$B$60,設定!$A$5:$A$7,設定!$B$5:$B$7)*XLOOKUP(設定!$C$11:$C$60,設定!$D$5:$D$7,設定!$E$5:$E$7))*100)) | J15: =IF(F15="","",IF(F15>=85,"即戦力",IF(F15>=70,"主担当",IF(F15>=55,"サポート","育成")))) | K15: =整形回答!E15
A16: =整形回答!A16 | B16: =整形回答!B16 | C16: =整形回答!C16 | D16: =IF(B16="","",SUMPRODUCT(--(整形回答!F16:BC16=正解キー!$B$2:$B$51)*XLOOKUP(設定!$B$11:$B$60,設定!$A$5:$A$7,設定!$B$5:$B$7)*XLOOKUP(設定!$C$11:$C$60,設定!$D$5:$D$7,設定!$E$5:$E$7))) | E16: =SUMPRODUCT(XLOOKUP(設定!$B$11:$B$60,設定!$A$5:$A$7,設定!$B$5:$B$7)*XLOOKUP(設定!$C$11:$C$60,設定!$D$5:$D$7,設定!$E$5:$E$7)) | F16: =IF(D16="","",D16/E16*100) | G16: =IF(D16="","",IF(SUMPRODUCT(--(設定!$B$11:$B$60="OS（Linux/Windows）")*XLOOKUP(設定!$B$11:$B$60,設定!$A$5:$A$7,設定!$B$5:$B$7)*XLOOKUP(設定!$C$11:$C$60,設定!$D$5:$D$7,設定!$E$5:$E$7))=0,"",SUMPRODUCT(--(設定!$B$11:$B$60="OS（Linux/Windows）")*--(整形回答!F16:BC16=正解キー!$B$2:$B$51)*XLOOKUP(設定!$B$11:$B$60,設定!$A$5:$A$7,設定!$B$5:$B$7)*XLOOKUP(設定!$C$11:$C$60,設定!$D$5:$D$7,設定!$E$5:$E$7))/SUMPRODUCT(--(設定!$B$11:$B$60="OS（Linux/Windows）")*XLOOKUP(設定!$B$11:$B$60,設定!$A$5:$A$7,設定!$B$5:$B$7)*XLOOKUP(設定!$C$11:$C$60,設定!$D$5:$D$7,設定!$E$5:$E$7))*100)) | H16: =IF(D16="","",IF(SUMPRODUCT(--(設定!$B$11:$B$60="AWS")*XLOOKUP(設定!$B$11:$B$60,設定!$A$5:$A$7,設定!$B$5:$B$7)*XLOOKUP(設定!$C$11:$C$60,設定!$D$5:$D$7,設定!$E$5:$E$7))=0,"",SUMPRODUCT(--(設定!$B$11:$B$60="AWS")*--(整形回答!F16:BC16=正解キー!$B$2:$B$51)*XLOOKUP(設定!$B$11:$B$60,設定!$A$5:$A$7,設定!$B$5:$B$7)*XLOOKUP(設定!$C$11:$C$60,設定!$D$5:$D$7,設定!$E$5:$E$7))/SUMPRODUCT(--(設定!$B$11:$B$60="AWS")*XLOOKUP(設定!$B$11:$B$60,設定!$A$5:$A$7,設定!$B$5:$B$7)*XLOOKUP(設定!$C$11:$C$60,設定!$D$5:$D$7,設定!$E$5:$E$7))*100)) | I16: =IF(D16="","",IF(SUMPRODUCT(--(設定!$B$11:$B$60="NW/Security")*XLOOKUP(設定!$B$11:$B$60,設定!$A$5:$A$7,設定!$B$5:$B$7)*XLOOKUP(設定!$C$11:$C$60,設定!$D$5:$D$7,設定!$E$5:$E$7))=0,"",SUMPRODUCT(--(設定!$B$11:$B$60="NW/Security")*--(整形回答!F16:BC16=正解キー!$B$2:$B$51)*XLOOKUP(設定!$B$11:$B$60,設定!$A$5:$A$7,設定!$B$5:$B$7)*XLOOKUP(設定!$C$11:$C$60,設定!$D$5:$D$7,設定!$E$5:$E$7))/SUMPRODUCT(--(設定!$B$11:$B$60="NW/Security")*XLOOKUP(設定!$B$11:$B$60,設定!$A$5:$A$7,設定!$B$5:$B$7)*XLOOKUP(設定!$C$11:$C$60,設定!$D$5:$D$7,設定!$E$5:$E$7))*100)) | J16: =IF(F16="","",IF(F16>=85,"即戦力",IF(F16>=70,"主担当",IF(F16>=55,"サポート","育成")))) | K16: =整形回答!E16
... A204: =整形回答!A204 | B204: =整形回答!B204 | C204: =整形回答!C204 | D204: =IF(B204="","",SUMPRODUCT(--(整形回答!F204:BC204=正解キー!$B$2:$B$51)*XLOOKUP(設定!$B$11:$B$60,設定!$A$5:$A$7,設定!$B$5:$B$7)*XLOOKUP(設定!$C$11:$C$60,設定!$D$5:$D$7,設定!$E$5:$E$7))) | E204: =SUMPRODUCT(XLOOKUP(設定!$B$11:$B$60,設定!$A$5:$A$7,設定!$B$5:$B$7)*XLOOKUP(設定!$C$11:$C$60,設定!$D$5:$D$7,設定!$E$5:$E$7)) | F204: =IF(D204="","",D204/E204*100) | G204: =IF(D204="","",IF(SUMPRODUCT(--(設定!$B$11:$B$60="OS（Linux/Windows）")*XLOOKUP(設定!$B$11:$B$60,設定!$A$5:$A$7,設定!$B$5:$B$7)*XLOOKUP(設定!$C$11:$C$60,設定!$D$5:$D$7,設定!$E$5:$E$7))=0,"",SUMPRODUCT(--(設定!$B$11:$B$60="OS（Linux/Windows）")*--(整形回答!F204:BC204=正解キー!$B$2:$B$51)*XLOOKUP(設定!$B$11:$B$60,設定!$A$5:$A$7,設定!$B$5:$B$7)*XLOOKUP(設定!$C$11:$C$60,設定!$D$5:$D$7,設定!$E$5:$E$7))/SUMPRODUCT(--(設定!$B$11:$B$60="OS（Linux/Windows）")*XLOOKUP(設定!$B$11:$B$60,設定!$A$5:$A$7,設定!$B$5:$B$7)*XLOOKUP(設定!$C$11:$C$60,設定!$D$5:$D$7,設定!$E$5:$E$7))*100)) | H204: =IF(D204="","",IF(SUMPRODUCT(--(設定!$B$11:$B$60="AWS")*XLOOKUP(設定!$B$11:$B$60,設定!$A$5:$A$7,設定!$B$5:$B$7)*XLOOKUP(設定!$C$11:$C$60,設定!$D$5:$D$7,設定!$E$5:$E$7))=0,"",SUMPRODUCT(--(設定!$B$11:$B$60="AWS")*--(整形回答!F204:BC204=正解キー!$B$2:$B$51)*XLOOKUP(設定!$B$11:$B$60,設定!$A$5:$A$7,設定!$B$5:$B$7)*XLOOKUP(設定!$C$11:$C$60,設定!$D$5:$D$7,設定!$E$5:$E$7))/SUMPRODUCT(--(設定!$B$11:$B$60="AWS")*XLOOKUP(設定!$B$11:$B$60,設定!$A$5:$A$7,設定!$B$5:$B$7)*XLOOKUP(設定!$C$11:$C$60,設定!$D$5:$D$7,設定!$E$5:$E$7))*100)) | I204: =IF(D204="","",IF(SUMPRODUCT(--(設定!$B$11:$B$60="NW/Security")*XLOOKUP(設定!$B$11:$B$60,設定!$A$5:$A$7,設定!$B$5:$B$7)*XLOOKUP(設定!$C$11:$C$60,設定!$D$5:$D$7,設定!$E$5:$E$7))=0,"",SUMPRODUCT(--(設定!$B$11:$B$60="NW/Security")*--(整形回答!F204:BC204=正解キー!$B$2:$B$51)*XLOOKUP(設定!$B$11:$B$60,設定!$A$5:$A$7,設定!$B$5:$B$7)*XLOOKUP(設定!$C$11:$C$60,設定!$D$5:$D$7,設定!$E$5:$E$7))/SUMPRODUCT(--(設定!$B$11:$B$60="NW/Security")*XLOOKUP(設定!$B$11:$B$60,設定!$A$5:$A$7,設定!$B$5:$B$7)*XLOOKUP(設定!$C$11:$C$60,設定!$D$5:$D$7,設定!$E$5:$E$7))*100)) | J204: =IF(F204="","",IF(F204>=85,"即戦力",IF(F204>=70,"主担当",IF(F204>=55,"サポート","育成")))) | K204: =整形回答!E204

Sheet 設定
A1: 採点設定（Forms貼り付け対応）
A3: カテゴリ重み | D3: タイプ重み
A4: カテゴリ | B4: 重み | D4: タイプ | E4: 重み
A5: OS（Linux/Windows） | B5: 1 | D5: Knowledge（知識） | E5: 1
A6: AWS | B6: 1.2 | D6: Ops（運用判断） | E6: 1.2
A7: NW/Security | B7: 1.3 | D7: Risk（リスク判断） | E7: 1.4
A8: 設問ごとの分類（必要なら編集）
A10: Q# | B10: カテゴリ | C10: タイプ
A11: 1 | B11: OS（Linux/Windows） | C11: Ops（運用判断）
A12: 2 | B12: OS（Linux/Windows） | C12: Ops（運用判断）
A13: 3 | B13: OS（Linux/Windows） | C13: Ops（運用判断）
A14: 4 | B14: OS（Linux/Windows） | C14: Ops（運用判断）
A15: 5 | B15: OS（Linux/Windows） | C15: Ops（運用判断）
A16: 6 | B16: OS（Linux/Windows） | C16: Ops（運用判断）
A17: 7 | B17: OS（Linux/Windows） | C17: Ops（運用判断）
A18: 8 | B18: OS（Linux/Windows） | C18: Ops（運用判断）
A19: 9 | B19: OS（Linux/Windows） | C19: Ops（運用判断）
A20: 10 | B20: OS（Linux/Windows） | C20: Ops（運用判断）
A21: 11 | B21: OS（Linux/Windows） | C21: Knowledge（知識）
A22: 12 | B22: OS（Linux/Windows） | C22: Knowledge（知識）
... A60: 50 | B60: NW/Security | C60: Risk（リスク判断）
A62: メモ：Forms貼り付けのヘッダ（A3行）に Q1〜Q50 を含めてください。

Sheet 正解キー
A1: 問題番号 | B1: 正解（記号） | C1: 正解（文字列）
A2: Q1 | B2: A | C2: A) inode が枯渇している
A3: Q2 | B3: B | C3: B) ExecStart で指定した実行ファイルのパス誤り
A4: Q3 | B4: C | C4: C) 接続元 IP アドレスの DNS 逆引き遅延
A5: Q4 | B5: D | C5: D) /var/log/messages や journal の OS ログ
A6: Q5 | B6: A | C6: A) ディスク I/O wait の増加
A7: Q6 | B7: B | C7: B) ファイアウォールおよび TCP/3389 の通信可否
A8: Q7 | B8: C | C8: C) DNS レコードまたは名前解決設定の不備
A9: Q8 | B9: D | C9: D) サーバ間の時刻ずれ（NTP 不整合）
A10: Q9 | B10: A | C10: A) コマンドの絶対パス未指定による PATH 問題
A11: Q10 | B11: B | C11: B) CPU・メモリ・I/O 状況を可視化して把握する
A12: Q11 | B12: C | C12: C) 依存サービスが起動していない
... A51: Q50 | B51: B | C51: B) 影響範囲の把握と証跡の保全
